idx	sample_id	retrieved_ids	llm_text	llm_score	final_score
0	2371	['2594', '2593', '2595', '2596', '2597', '2598']	5	5.000000	5.000000
1	2372	['2594', '2593', '2595', '2596', '2597', '2598']	3	3.000000	3.000000
2	2373	['2594', '2593', '2595', '2596', '2597', '2598']	5	5.000000	5.000000
3	2374	['2594', '2593', '2595', '2596', '2597', '2598']	3	3.000000	3.000000
4	2375	['2594', '2593', '2595', '2596', '2597', '2598']	5	5.000000	5.000000
5	2376	['2594', '2593', '2595', '2596', '2597', '2598']	3	3.000000	3.000000
6	145	['1404', '1403', '1402', '1401', '1400', '1399']	1	1.000000	1.000000
7	146	['1404', '1403', '1402', '1401', '1400', '1399']	1	1.000000	1.000000
8	147	['1404', '1403', '1402', '1401', '1400', '1399']	1	1.000000	1.000000
9	148	['1404', '1403', '1402', '1401', '1400', '1399']	1	1.000000	1.000000
10	149	['1404', '1403', '1402', '1401', '1400', '1399']	1	1.000000	1.000000
11	150	['1404', '1403', '1402', '1401', '1400', '1399']	1	1.000000	1.000000
12	3391	['1295', '1291', '1292', '1293', '1294', '1296']	1	1.000000	1.000000
13	3392	['1295', '1291', '1292', '1293', '1294', '1296']	1	1.000000	1.000000
14	3393	['1295', '1291', '1292', '1293', '1294', '1296']	1	1.000000	1.000000
15	3394	['1295', '1291', '1292', '1293', '1294', '1296']	1	1.000000	1.000000
16	3395	['1295', '1291', '1292', '1293', '1294', '1296']	1	1.000000	1.000000
17	3396	['1295', '1291', '1292', '1293', '1294', '1296']	1	1.000000	1.000000
18	3109	['1085', '1084', '1083', '1082', '1081', '1086']	5	5.000000	5.000000
19	3110	['1085', '1084', '1083', '1082', '1081', '1086']	1	1.000000	1.000000
20	3111	['1085', '1084', '1083', '1082', '1081', '1086']	5	5.000000	5.000000
21	3112	['1085', '1084', '1083', '1082', '1081', '1086']	1	1.000000	1.000000
22	3113	['1085', '1084', '1083', '1082', '1081', '1086']	5	5.000000	5.000000
23	3114	['1085', '1084', '1083', '1082', '1081', '1086']	1	1.000000	1.000000
24	3572	['2507', '2504', '2508', '2506', '2505', '2503']	5	5.000000	5.000000
25	3573	['2507', '2504', '2508', '2506', '2505', '2503']	1	1.000000	1.000000
26	3574	['2507', '2504', '2508', '2506', '2505', '2503']	5	5.000000	5.000000
27	3575	['2507', '2504', '2508', '2506', '2505', '2503']	1	1.000000	1.000000
28	3576	['2507', '2504', '2508', '2506', '2505', '2503']	5	5.000000	5.000000
29	3577	['2507', '2504', '2508', '2506', '2505', '2503']	1	1.000000	1.000000
30	2437	['1678', '1680', '1679', '1675', '1676', '1677']	5	5.000000	5.000000
31	2438	['1678', '1680', '1679', '1675', '1676', '1677']	1	1.000000	1.000000
32	2439	['1678', '1680', '1679', '1675', '1676', '1677']	5	5.000000	5.000000
33	2440	['1678', '1680', '1679', '1675', '1676', '1677']	1	1.000000	1.000000
34	2441	['1678', '1680', '1679', '1675', '1676', '1677']	5	5.000000	5.000000
35	2442	['1678', '1680', '1679', '1675', '1676', '1677']	1	1.000000	1.000000
36	1561	['3492', '3491', '3490', '3489', '3488', '3487']	5	5.000000	5.000000
37	1562	['3492', '3491', '3490', '3489', '3488', '3487']	1	1.000000	1.000000
38	1563	['3492', '3491', '3490', '3489', '3488', '3487']	5	5.000000	5.000000
39	1564	['3492', '3491', '3490', '3489', '3488', '3487']	1	1.000000	1.000000
40	1565	['3492', '3491', '3490', '3489', '3488', '3487']	5	5.000000	5.000000
41	1566	['3492', '3491', '3490', '3489', '3488', '3487']	1	1.000000	1.000000
42	433	['485', '486', '484', '483', '482', '481']	1	1.000000	1.000000
43	434	['485', '486', '484', '483', '482', '481']	2	2.000000	2.000000
44	435	['485', '486', '484', '483', '482', '481']	1	1.000000	1.000000
45	436	['485', '486', '484', '483', '482', '481']	2	2.000000	2.000000
46	437	['485', '486', '484', '483', '482', '481']	1	1.000000	1.000000
47	438	['485', '486', '484', '483', '482', '481']	2	2.000000	2.000000
48	187	['1806', '1805', '1804', '1803', '1802', '1801']	5	5.000000	5.000000
49	188	['1806', '1805', '1804', '1803', '1802', '1801']	1	1.000000	1.000000
50	189	['1806', '1805', '1804', '1803', '1802', '1801']	5	5.000000	5.000000
51	190	['1806', '1805', '1804', '1803', '1802', '1801']	1	1.000000	1.000000
52	191	['1806', '1805', '1804', '1803', '1802', '1801']	5	5.000000	5.000000
53	192	['1806', '1805', '1804', '1803', '1802', '1801']	1	1.000000	1.000000
54	559	['2733', '2731', '2736', '2735', '2734', '2732']	1	1.000000	1.000000
55	560	['2733', '2731', '2736', '2735', '2734', '2732']	1	1.000000	1.000000
56	561	['2733', '2731', '2736', '2735', '2734', '2732']	1	1.000000	1.000000
57	562	['2733', '2731', '2736', '2735', '2734', '2732']	1	1.000000	1.000000
58	563	['2733', '2731', '2736', '2735', '2734', '2732']	1	1.000000	1.000000
59	564	['2733', '2731', '2736', '2735', '2734', '2732']	1	1.000000	1.000000
60	1315	['2895', '2898', '2897', '2896', '2893', '2894']	1	1.000000	1.000000
61	1316	['2895', '2898', '2897', '2896', '2893', '2894']	1	1.000000	1.000000
62	1317	['2895', '2898', '2897', '2896', '2893', '2894']	1	1.000000	1.000000
63	1318	['2895', '2898', '2897', '2896', '2893', '2894']	1	1.000000	1.000000
64	1319	['2895', '2898', '2897', '2896', '2893', '2894']	1	1.000000	1.000000
65	1320	['2895', '2898', '2897', '2896', '2893', '2894']	1	1.000000	1.000000
66	2161	['3310', '3309', '3308', '3307', '3311', '3312']	1	1.000000	1.000000
67	2162	['3310', '3309', '3308', '3307', '3311', '3312']	1	1.000000	1.000000
68	2163	['3310', '3309', '3308', '3307', '3311', '3312']	1	1.000000	1.000000
69	2164	['3310', '3309', '3308', '3307', '3311', '3312']	1	1.000000	1.000000
70	2165	['3310', '3309', '3308', '3307', '3311', '3312']	1	1.000000	1.000000
71	2166	['3310', '3309', '3308', '3307', '3311', '3312']	1	1.000000	1.000000
72	2803	['3750', '3749', '3748', '3747', '3746', '3751']	5	5.000000	5.000000
73	2804	['3750', '3749', '3748', '3747', '3746', '3751']	1	1.000000	1.000000
74	2805	['3750', '3749', '3748', '3747', '3746', '3751']	5	5.000000	5.000000
75	2806	['3750', '3749', '3748', '3747', '3746', '3751']	1	1.000000	1.000000
76	2807	['3750', '3749', '3748', '3747', '3746', '3751']	5	5.000000	5.000000
77	2808	['3750', '3749', '3748', '3747', '3746', '3751']	1	1.000000	1.000000
78	2131	['920', '921', '922', '923', '924', '919']	5	5.000000	5.000000
79	2132	['920', '921', '922', '923', '924', '919']	1	1.000000	1.000000
80	2133	['920', '921', '922', '923', '924', '919']	5	5.000000	5.000000
81	2134	['920', '921', '922', '923', '924', '919']	1	1.000000	1.000000
82	2135	['920', '921', '922', '923', '924', '919']	5	5.000000	5.000000
83	2136	['920', '921', '922', '923', '924', '919']	1	1.000000	1.000000
84	2809	['2158', '2155', '2156', '2157', '2159', '2160']	5	5.000000	5.000000
85	2810	['2158', '2155', '2156', '2157', '2159', '2160']	1	1.000000	1.000000
86	2811	['2158', '2155', '2156', '2157', '2159', '2160']	5	5.000000	5.000000
87	2812	['2158', '2155', '2156', '2157', '2159', '2160']	1	1.000000	1.000000
88	2813	['2158', '2155', '2156', '2157', '2159', '2160']	5	5.000000	5.000000
89	2814	['2158', '2155', '2156', '2157', '2159', '2160']	1	1.000000	1.000000
90	379	['2731', '2732', '2733', '2734', '2735', '2736']	1	1.000000	1.000000
91	380	['2731', '2732', '2733', '2734', '2735', '2736']	5	5.000000	5.000000
92	381	['2731', '2732', '2733', '2734', '2735', '2736']	1	1.000000	1.000000
93	382	['2731', '2732', '2733', '2734', '2735', '2736']	5	5.000000	5.000000
94	383	['2731', '2732', '2733', '2734', '2735', '2736']	1	1.000000	1.000000
95	384	['2731', '2732', '2733', '2734', '2735', '2736']	5	5.000000	5.000000
96	1951	['1425', '1426', '1428', '1423', '1424', '1427']	5	5.000000	5.000000
97	1952	['1425', '1426', '1428', '1423', '1424', '1427']	1	1.000000	1.000000
98	1953	['1425', '1426', '1428', '1423', '1424', '1427']	5	5.000000	5.000000
99	1954	['1425', '1426', '1428', '1423', '1424', '1427']	1	1.000000	1.000000
100	1955	['1425', '1426', '1428', '1423', '1424', '1427']	5	5.000000	5.000000
101	1956	['1425', '1426', '1428', '1423', '1424', '1427']	1	1.000000	1.000000
102	2257	['1088', '1089', '1090', '1091', '1092', '1087']	5	5.000000	5.000000
103	2258	['1088', '1089', '1090', '1091', '1092', '1087']	5	5.000000	5.000000
104	2259	['1088', '1089', '1090', '1091', '1092', '1087']	5	5.000000	5.000000
105	2260	['1088', '1089', '1090', '1091', '1092', '1087']	5	5.000000	5.000000
106	2261	['1088', '1089', '1090', '1091', '1092', '1087']	5	5.000000	5.000000
107	2262	['1088', '1089', '1090', '1091', '1092', '1087']	5	5.000000	5.000000
108	2755	['3146', '3147', '3150', '3145', '3148', '3149']	5	5.000000	5.000000
109	2756	['3146', '3147', '3150', '3145', '3148', '3149']	5	5.000000	5.000000
110	2757	['3146', '3147', '3150', '3145', '3148', '3149']	5	5.000000	5.000000
111	2758	['3146', '3147', '3150', '3145', '3148', '3149']	5	5.000000	5.000000
112	2759	['3146', '3147', '3150', '3145', '3148', '3149']	5	5.000000	5.000000
113	2760	['3146', '3147', '3150', '3145', '3148', '3149']	5	5.000000	5.000000
114	2773	['2768', '2767', '2769', '2770', '2771', '2772']	5	5.000000	5.000000
115	2774	['2768', '2767', '2769', '2770', '2771', '2772']	1	1.000000	1.000000
116	2775	['2768', '2767', '2769', '2770', '2771', '2772']	5	5.000000	5.000000
117	2776	['2768', '2767', '2769', '2770', '2771', '2772']	1	1.000000	1.000000
118	2777	['2768', '2767', '2769', '2770', '2771', '2772']	5	5.000000	5.000000
119	2778	['2768', '2767', '2769', '2770', '2771', '2772']	1	1.000000	1.000000
120	787	['3729', '3728', '3730', '3733', '3731', '3732']	5	5.000000	5.000000
121	788	['3729', '3728', '3730', '3733', '3731', '3732']	5	5.000000	5.000000
122	789	['3729', '3728', '3730', '3733', '3731', '3732']	5	5.000000	5.000000
123	790	['3729', '3728', '3730', '3733', '3731', '3732']	5	5.000000	5.000000
124	791	['3729', '3728', '3730', '3733', '3731', '3732']	5	5.000000	5.000000
125	792	['3729', '3728', '3730', '3733', '3731', '3732']	5	5.000000	5.000000
126	1549	['1308', '1307', '1306', '1305', '1304', '1303']	5	5.000000	5.000000
127	1550	['1308', '1307', '1306', '1305', '1304', '1303']	5	5.000000	5.000000
128	1551	['1308', '1307', '1306', '1305', '1304', '1303']	5	5.000000	5.000000
129	1552	['1308', '1307', '1306', '1305', '1304', '1303']	5	5.000000	5.000000
130	1553	['1308', '1307', '1306', '1305', '1304', '1303']	5	5.000000	5.000000
131	1554	['1308', '1307', '1306', '1305', '1304', '1303']	5	5.000000	5.000000
132	2329	['635', '636', '632', '634', '631', '633']	2	2.000000	2.000000
133	2330	['635', '636', '632', '634', '631', '633']	5	5.000000	5.000000
134	2331	['635', '636', '632', '634', '631', '633']	2	2.000000	2.000000
135	2332	['635', '636', '632', '634', '631', '633']	5	5.000000	5.000000
136	2333	['635', '636', '632', '634', '631', '633']	2	2.000000	2.000000
137	2334	['635', '636', '632', '634', '631', '633']	5	5.000000	5.000000
138	2599	['3495', '3494', '3498', '3497', '3496', '3493']	5	5.000000	5.000000
139	2600	['3495', '3494', '3498', '3497', '3496', '3493']	5	5.000000	5.000000
140	2601	['3495', '3494', '3498', '3497', '3496', '3493']	5	5.000000	5.000000
141	2602	['3495', '3494', '3498', '3497', '3496', '3493']	5	5.000000	5.000000
142	2603	['3495', '3494', '3498', '3497', '3496', '3493']	5	5.000000	5.000000
143	2604	['3495', '3494', '3498', '3497', '3496', '3493']	5	5.000000	5.000000
144	3710	['1884', '1880', '1883', '1882', '1881', '1879']	5	5.000000	5.000000
145	3711	['1884', '1880', '1883', '1882', '1881', '1879']	1	1.000000	1.000000
146	3712	['1884', '1880', '1883', '1882', '1881', '1879']	5	5.000000	5.000000
147	3713	['1884', '1880', '1883', '1882', '1881', '1879']	1	1.000000	1.000000
148	3714	['1884', '1880', '1883', '1882', '1881', '1879']	5	5.000000	5.000000
149	3715	['1884', '1880', '1883', '1882', '1881', '1879']	1	1.000000	1.000000
150	751	['3488', '3489', '3490', '3491', '3492', '3487']	2	2.000000	2.000000
151	752	['3488', '3489', '3490', '3491', '3492', '3487']	5	5.000000	5.000000
152	753	['3488', '3489', '3490', '3491', '3492', '3487']	2	2.000000	2.000000
153	754	['3488', '3489', '3490', '3491', '3492', '3487']	5	5.000000	5.000000
154	755	['3488', '3489', '3490', '3491', '3492', '3487']	2	2.000000	2.000000
155	756	['3488', '3489', '3490', '3491', '3492', '3487']	5	5.000000	5.000000
156	2761	['2621', '2617', '2622', '2620', '2619', '2618']	1	1.000000	1.000000
157	2762	['2621', '2617', '2622', '2620', '2619', '2618']	5	5.000000	5.000000
158	2763	['2621', '2617', '2622', '2620', '2619', '2618']	1	1.000000	1.000000
159	2764	['2621', '2617', '2622', '2620', '2619', '2618']	5	5.000000	5.000000
160	2765	['2621', '2617', '2622', '2620', '2619', '2618']	1	1.000000	1.000000
161	2766	['2621', '2617', '2622', '2620', '2619', '2618']	5	5.000000	5.000000
162	721	['1083', '1085', '1081', '1082', '1086', '1084']	5	5.000000	5.000000
163	722	['1083', '1085', '1081', '1082', '1086', '1084']	3	3.000000	3.000000
164	723	['1083', '1085', '1081', '1082', '1086', '1084']	5	5.000000	5.000000
165	724	['1083', '1085', '1081', '1082', '1086', '1084']	3	3.000000	3.000000
166	725	['1083', '1085', '1081', '1082', '1086', '1084']	5	5.000000	5.000000
167	726	['1083', '1085', '1081', '1082', '1086', '1084']	3	3.000000	3.000000
168	2359	['40', '42', '37', '38', '39', '41']	5	5.000000	5.000000
169	2360	['40', '42', '37', '38', '39', '41']	1	1.000000	1.000000
170	2361	['40', '42', '37', '38', '39', '41']	5	5.000000	5.000000
171	2362	['40', '42', '37', '38', '39', '41']	1	1.000000	1.000000
172	2363	['40', '42', '37', '38', '39', '41']	5	5.000000	5.000000
173	2364	['40', '42', '37', '38', '39', '41']	1	1.000000	1.000000
174	1909	['935', '936', '931', '932', '933', '934']	1	1.000000	1.000000
175	1910	['935', '936', '931', '932', '933', '934']	5	5.000000	5.000000
176	1911	['935', '936', '931', '932', '933', '934']	1	1.000000	1.000000
177	1912	['935', '936', '931', '932', '933', '934']	5	5.000000	5.000000
178	1913	['935', '936', '931', '932', '933', '934']	1	1.000000	1.000000
179	1914	['935', '936', '931', '932', '933', '934']	5	5.000000	5.000000
180	2413	['2650', '2649', '2648', '2652', '2651', '2647']	1	1.000000	1.000000
181	2414	['2650', '2649', '2648', '2652', '2651', '2647']	5	5.000000	5.000000
182	2415	['2650', '2649', '2648', '2652', '2651', '2647']	1	1.000000	1.000000
183	2416	['2650', '2649', '2648', '2652', '2651', '2647']	5	5.000000	5.000000
184	2417	['2650', '2649', '2648', '2652', '2651', '2647']	1	1.000000	1.000000
185	2418	['2650', '2649', '2648', '2652', '2651', '2647']	5	5.000000	5.000000
186	3554	['1513', '1514', '1515', '1516', '1517', '1518']	2	2.000000	2.000000
187	3555	['1513', '1514', '1515', '1516', '1517', '1518']	5	5.000000	5.000000
188	3556	['1513', '1514', '1515', '1516', '1517', '1518']	2	2.000000	2.000000
189	3557	['1513', '1514', '1515', '1516', '1517', '1518']	5	5.000000	5.000000
190	3558	['1513', '1514', '1515', '1516', '1517', '1518']	2	2.000000	2.000000
191	3559	['1513', '1514', '1515', '1516', '1517', '1518']	5	5.000000	5.000000
192	949	['277', '278', '279', '280', '281', '282']	1	1.000000	1.000000
193	950	['277', '278', '279', '280', '281', '282']	1	1.000000	1.000000
194	951	['277', '278', '279', '280', '281', '282']	1	1.000000	1.000000
195	952	['277', '278', '279', '280', '281', '282']	1	1.000000	1.000000
196	953	['277', '278', '279', '280', '281', '282']	1	1.000000	1.000000
197	954	['277', '278', '279', '280', '281', '282']	1	1.000000	1.000000
198	1975	['1333', '1334', '1335', '1336', '1337', '1338']	5	5.000000	5.000000
199	1976	['1333', '1334', '1335', '1336', '1337', '1338']	5	5.000000	5.000000
200	1977	['1333', '1334', '1335', '1336', '1337', '1338']	5	5.000000	5.000000
201	1978	['1333', '1334', '1335', '1336', '1337', '1338']	5	5.000000	5.000000
202	1979	['1333', '1334', '1335', '1336', '1337', '1338']	5	5.000000	5.000000
203	1980	['1333', '1334', '1335', '1336', '1337', '1338']	5	5.000000	5.000000
204	19	['3018', '3017', '3016', '3015', '3014', '3013']	5	5.000000	5.000000
205	20	['3018', '3017', '3016', '3015', '3014', '3013']	2	2.000000	2.000000
206	21	['3018', '3017', '3016', '3015', '3014', '3013']	5	5.000000	5.000000
207	22	['3018', '3017', '3016', '3015', '3014', '3013']	1	1.000000	1.000000
208	23	['3018', '3017', '3016', '3015', '3014', '3013']	5	5.000000	5.000000
209	24	['3018', '3017', '3016', '3015', '3014', '3013']	2	2.000000	2.000000
210	625	['3755', '3753', '3757', '3756', '3754', '3752']	2	2.000000	2.000000
211	626	['3755', '3753', '3757', '3756', '3754', '3752']	1	1.000000	1.000000
212	627	['3755', '3753', '3757', '3756', '3754', '3752']	2	2.000000	2.000000
213	628	['3755', '3753', '3757', '3756', '3754', '3752']	1	1.000000	1.000000
214	629	['3755', '3753', '3757', '3756', '3754', '3752']	2	2.000000	2.000000
215	630	['3755', '3753', '3757', '3756', '3754', '3752']	1	1.000000	1.000000
216	2701	['1496', '1495', '1497', '1498', '1499', '1500']	2	2.000000	2.000000
217	2702	['1496', '1495', '1497', '1498', '1499', '1500']	2	2.000000	2.000000
218	2703	['1496', '1495', '1497', '1498', '1499', '1500']	2	2.000000	2.000000
219	2704	['1496', '1495', '1497', '1498', '1499', '1500']	2	2.000000	2.000000
220	2705	['1496', '1495', '1497', '1498', '1499', '1500']	2	2.000000	2.000000
221	2706	['1496', '1495', '1497', '1498', '1499', '1500']	2	2.000000	2.000000
222	3133	['2920', '2917', '2918', '2919', '2922', '2921']	5	5.000000	5.000000
223	3134	['2920', '2917', '2918', '2919', '2922', '2921']	5	5.000000	5.000000
224	3135	['2920', '2917', '2918', '2919', '2922', '2921']	5	5.000000	5.000000
225	3136	['2920', '2917', '2918', '2919', '2922', '2921']	5	5.000000	5.000000
226	3137	['2920', '2917', '2918', '2919', '2922', '2921']	5	5.000000	5.000000
227	3138	['2920', '2917', '2918', '2919', '2922', '2921']	5	5.000000	5.000000
228	3584	['3146', '3150', '3149', '3148', '3147', '3145']	1	1.000000	1.000000
229	3585	['3146', '3150', '3149', '3148', '3147', '3145']	3	3.000000	3.000000
230	3586	['3146', '3150', '3149', '3148', '3147', '3145']	2	2.000000	2.000000
231	3587	['3146', '3150', '3149', '3148', '3147', '3145']	3	3.000000	3.000000
232	3588	['3146', '3150', '3149', '3148', '3147', '3145']	1	1.000000	1.000000
233	3589	['3146', '3150', '3149', '3148', '3147', '3145']	3	3.000000	3.000000
234	3505	['822', '818', '821', '820', '819', '817']	1	1.000000	1.000000
235	3506	['822', '818', '821', '820', '819', '817']	1	1.000000	1.000000
236	3507	['822', '818', '821', '820', '819', '817']	1	1.000000	1.000000
237	3508	['822', '818', '821', '820', '819', '817']	1	1.000000	1.000000
238	3509	['822', '818', '821', '820', '819', '817']	1	1.000000	1.000000
239	3510	['822', '818', '821', '820', '819', '817']	1	1.000000	1.000000
240	73	['793', '794', '795', '798', '797', '796']	1	1.000000	1.000000
241	74	['793', '794', '795', '798', '797', '796']	5	5.000000	5.000000
242	75	['793', '794', '795', '798', '797', '796']	1	1.000000	1.000000
243	76	['793', '794', '795', '798', '797', '796']	5	5.000000	5.000000
244	77	['793', '794', '795', '798', '797', '796']	1	1.000000	1.000000
245	78	['793', '794', '795', '798', '797', '796']	5	5.000000	5.000000
246	1933	['1650', '1649', '1648', '1647', '1646', '1645']	1	1.000000	1.000000
247	1934	['1650', '1649', '1648', '1647', '1646', '1645']	1	1.000000	1.000000
248	1935	['1650', '1649', '1648', '1647', '1646', '1645']	1	1.000000	1.000000
249	1936	['1650', '1649', '1648', '1647', '1646', '1645']	1	1.000000	1.000000
250	1937	['1650', '1649', '1648', '1647', '1646', '1645']	1	1.000000	1.000000
251	1938	['1650', '1649', '1648', '1647', '1646', '1645']	1	1.000000	1.000000
252	2911	['1678', '1676', '1680', '1679', '1677', '1675']	1	1.000000	1.000000
253	2912	['1678', '1676', '1680', '1679', '1677', '1675']	1	1.000000	1.000000
254	2913	['1678', '1676', '1680', '1679', '1677', '1675']	1	1.000000	1.000000
255	2914	['1678', '1676', '1680', '1679', '1677', '1675']	1	1.000000	1.000000
256	2915	['1678', '1676', '1680', '1679', '1677', '1675']	1	1.000000	1.000000
257	2916	['1678', '1676', '1680', '1679', '1677', '1675']	1	1.000000	1.000000
258	877	['2733', '2736', '2735', '2734', '2731', '2732']	5	5.000000	5.000000
259	878	['2733', '2736', '2735', '2734', '2731', '2732']	1	1.000000	1.000000
260	879	['2733', '2736', '2735', '2734', '2731', '2732']	5	5.000000	5.000000
261	880	['2733', '2736', '2735', '2734', '2731', '2732']	1	1.000000	1.000000
262	881	['2733', '2736', '2735', '2734', '2731', '2732']	5	5.000000	5.000000
263	882	['2733', '2736', '2735', '2734', '2731', '2732']	1	1.000000	1.000000
264	2011	['3441', '3442', '3440', '3439', '3443', '3444']	5	5.000000	5.000000
265	2012	['3441', '3442', '3440', '3439', '3443', '3444']	1	1.000000	1.000000
266	2013	['3441', '3442', '3440', '3439', '3443', '3444']	5	5.000000	5.000000
267	2014	['3441', '3442', '3440', '3439', '3443', '3444']	1	1.000000	1.000000
268	2015	['3441', '3442', '3440', '3439', '3443', '3444']	5	5.000000	5.000000
269	2016	['3441', '3442', '3440', '3439', '3443', '3444']	1	1.000000	1.000000
270	415	['3409', '3410', '3411', '3412', '3413', '3414']	1	1.000000	1.000000
271	416	['3409', '3410', '3411', '3412', '3413', '3414']	2	2.000000	2.000000
272	417	['3409', '3410', '3411', '3412', '3413', '3414']	1	1.000000	1.000000
273	418	['3409', '3410', '3411', '3412', '3413', '3414']	2	2.000000	2.000000
274	419	['3409', '3410', '3411', '3412', '3413', '3414']	3	3.000000	3.000000
275	420	['3409', '3410', '3411', '3412', '3413', '3414']	2	2.000000	2.000000
276	853	['377', '376', '375', '374', '373', '378']	1	1.000000	1.000000
277	854	['377', '376', '375', '374', '373', '378']	1	1.000000	1.000000
278	855	['377', '376', '375', '374', '373', '378']	1	1.000000	1.000000
279	856	['377', '376', '375', '374', '373', '378']	1	1.000000	1.000000
280	857	['377', '376', '375', '374', '373', '378']	1	1.000000	1.000000
281	858	['377', '376', '375', '374', '373', '378']	1	1.000000	1.000000
282	3025	['3198', '3196', '3197', '3193', '3195', '3194']	5	5.000000	5.000000
283	3026	['3198', '3196', '3197', '3193', '3195', '3194']	5	5.000000	5.000000
284	3027	['3198', '3196', '3197', '3193', '3195', '3194']	5	5.000000	5.000000
285	3028	['3198', '3196', '3197', '3193', '3195', '3194']	5	5.000000	5.000000
286	3029	['3198', '3196', '3197', '3193', '3195', '3194']	5	5.000000	5.000000
287	3030	['3198', '3196', '3197', '3193', '3195', '3194']	5	5.000000	5.000000
288	3325	['80', '84', '82', '81', '79', '83']	5	5.000000	5.000000
289	3326	['80', '84', '82', '81', '79', '83']	1	1.000000	1.000000
290	3327	['80', '84', '82', '81', '79', '83']	5	5.000000	5.000000
291	3328	['80', '84', '82', '81', '79', '83']	1	1.000000	1.000000
292	3329	['80', '84', '82', '81', '79', '83']	5	5.000000	5.000000
293	3330	['80', '84', '82', '81', '79', '83']	1	1.000000	1.000000
294	3331	['1427', '1425', '1423', '1426', '1424', '1428']	5	5.000000	5.000000
295	3332	['1427', '1425', '1423', '1426', '1424', '1428']	1	1.000000	1.000000
296	3333	['1427', '1425', '1423', '1426', '1424', '1428']	5	5.000000	5.000000
297	3334	['1427', '1425', '1423', '1426', '1424', '1428']	1	1.000000	1.000000
298	3335	['1427', '1425', '1423', '1426', '1424', '1428']	5	5.000000	5.000000
299	3336	['1427', '1425', '1423', '1426', '1424', '1428']	1	1.000000	1.000000
300	1207	['233', '234', '231', '232', '229', '230']	2	2.000000	2.000000
301	1208	['233', '234', '231', '232', '229', '230']	2	2.000000	2.000000
302	1209	['233', '234', '231', '232', '229', '230']	2	2.000000	2.000000
303	1210	['233', '234', '231', '232', '229', '230']	2	2.000000	2.000000
304	1211	['233', '234', '231', '232', '229', '230']	2	2.000000	2.000000
305	1212	['233', '234', '231', '232', '229', '230']	2	2.000000	2.000000
306	157	['151', '152', '153', '154', '155', '156']	5	5.000000	5.000000
307	158	['151', '152', '153', '154', '155', '156']	5	5.000000	5.000000
308	159	['151', '152', '153', '154', '155', '156']	5	5.000000	5.000000
309	160	['151', '152', '153', '154', '155', '156']	5	5.000000	5.000000
310	161	['151', '152', '153', '154', '155', '156']	5	5.000000	5.000000
311	162	['151', '152', '153', '154', '155', '156']	5	5.000000	5.000000
312	445	['3279', '3277', '3282', '3281', '3280', '3278']	5	5.000000	5.000000
313	446	['3279', '3277', '3282', '3281', '3280', '3278']	1	1.000000	1.000000
314	447	['3279', '3277', '3282', '3281', '3280', '3278']	5	5.000000	5.000000
315	448	['3279', '3277', '3282', '3281', '3280', '3278']	3	3.000000	3.000000
316	449	['3279', '3277', '3282', '3281', '3280', '3278']	5	5.000000	5.000000
317	450	['3279', '3277', '3282', '3281', '3280', '3278']	3	3.000000	3.000000
318	1447	['1244', '1245', '1246', '1243', '1247', '1248']	5	5.000000	5.000000
319	1448	['1244', '1245', '1246', '1243', '1247', '1248']	1	1.000000	1.000000
320	1449	['1244', '1245', '1246', '1243', '1247', '1248']	5	5.000000	5.000000
321	1450	['1244', '1245', '1246', '1243', '1247', '1248']	1	1.000000	1.000000
322	1451	['1244', '1245', '1246', '1243', '1247', '1248']	5	5.000000	5.000000
323	1452	['1244', '1245', '1246', '1243', '1247', '1248']	1	1.000000	1.000000
324	2317	['2177', '2176', '2175', '2174', '2173', '2178']	5	5.000000	5.000000
325	2318	['2177', '2176', '2175', '2174', '2173', '2178']	1	1.000000	1.000000
326	2319	['2177', '2176', '2175', '2174', '2173', '2178']	5	5.000000	5.000000
327	2320	['2177', '2176', '2175', '2174', '2173', '2178']	1	1.000000	1.000000
328	2321	['2177', '2176', '2175', '2174', '2173', '2178']	5	5.000000	5.000000
329	2322	['2177', '2176', '2175', '2174', '2173', '2178']	1	1.000000	1.000000
330	469	['1332', '1327', '1328', '1329', '1330', '1331']	1	1.000000	1.000000
331	470	['1332', '1327', '1328', '1329', '1330', '1331']	2	2.000000	2.000000
332	471	['1332', '1327', '1328', '1329', '1330', '1331']	1	1.000000	1.000000
333	472	['1332', '1327', '1328', '1329', '1330', '1331']	3	3.000000	3.000000
334	473	['1332', '1327', '1328', '1329', '1330', '1331']	1	1.000000	1.000000
335	474	['1332', '1327', '1328', '1329', '1330', '1331']	1	1.000000	1.000000
336	3253	['1723', '1724', '1725', '1726', '1727', '1728']	1	1.000000	1.000000
337	3254	['1723', '1724', '1725', '1726', '1727', '1728']	5	5.000000	5.000000
338	3255	['1723', '1724', '1725', '1726', '1727', '1728']	1	1.000000	1.000000
339	3256	['1723', '1724', '1725', '1726', '1727', '1728']	5	5.000000	5.000000
340	3257	['1723', '1724', '1725', '1726', '1727', '1728']	1	1.000000	1.000000
341	3258	['1723', '1724', '1725', '1726', '1727', '1728']	5	5.000000	5.000000
342	1	['94', '96', '93', '92', '91', '95']	5	5.000000	5.000000
343	2	['94', '96', '93', '92', '91', '95']	5	5.000000	5.000000
344	3	['94', '96', '93', '92', '91', '95']	5	5.000000	5.000000
345	4	['94', '96', '93', '92', '91', '95']	5	5.000000	5.000000
346	5	['94', '96', '93', '92', '91', '95']	5	5.000000	5.000000
347	6	['94', '96', '93', '92', '91', '95']	5	5.000000	5.000000
348	835	['3215', '3211', '3213', '3214', '3216', '3212']	5	5.000000	5.000000
349	836	['3215', '3211', '3213', '3214', '3216', '3212']	1	1.000000	1.000000
350	837	['3215', '3211', '3213', '3214', '3216', '3212']	5	5.000000	5.000000
351	838	['3215', '3211', '3213', '3214', '3216', '3212']	1	1.000000	1.000000
352	839	['3215', '3211', '3213', '3214', '3216', '3212']	5	5.000000	5.000000
353	840	['3215', '3211', '3213', '3214', '3216', '3212']	1	1.000000	1.000000
354	283	['2881', '2882', '2886', '2885', '2884', '2883']	5	5.000000	5.000000
355	284	['2881', '2882', '2886', '2885', '2884', '2883']	5	5.000000	5.000000
356	285	['2881', '2882', '2886', '2885', '2884', '2883']	5	5.000000	5.000000
357	286	['2881', '2882', '2886', '2885', '2884', '2883']	5	5.000000	5.000000
358	287	['2881', '2882', '2886', '2885', '2884', '2883']	5	5.000000	5.000000
359	288	['2881', '2882', '2886', '2885', '2884', '2883']	5	5.000000	5.000000
360	1573	['967', '968', '969', '970', '971', '972']	5	5.000000	5.000000
361	1574	['967', '968', '969', '970', '971', '972']	5	5.000000	5.000000
362	1575	['967', '968', '969', '970', '971', '972']	5	5.000000	5.000000
363	1576	['967', '968', '969', '970', '971', '972']	5	5.000000	5.000000
364	1577	['967', '968', '969', '970', '971', '972']	5	5.000000	5.000000
365	1578	['967', '968', '969', '970', '971', '972']	5	5.000000	5.000000
366	2101	['1779', '1782', '1777', '1778', '1780', '1781']	5	5.000000	5.000000
367	2102	['1779', '1782', '1777', '1778', '1780', '1781']	5	5.000000	5.000000
368	2103	['1779', '1782', '1777', '1778', '1780', '1781']	5	5.000000	5.000000
369	2104	['1779', '1782', '1777', '1778', '1780', '1781']	5	5.000000	5.000000
370	2105	['1779', '1782', '1777', '1778', '1780', '1781']	5	5.000000	5.000000
371	2106	['1779', '1782', '1777', '1778', '1780', '1781']	5	5.000000	5.000000
372	2377	['1781', '1782', '1780', '1779', '1778', '1777']	5	5.000000	5.000000
373	2378	['1781', '1782', '1780', '1779', '1778', '1777']	5	5.000000	5.000000
374	2379	['1781', '1782', '1780', '1779', '1778', '1777']	5	5.000000	5.000000
375	2380	['1781', '1782', '1780', '1779', '1778', '1777']	5	5.000000	5.000000
376	2381	['1781', '1782', '1780', '1779', '1778', '1777']	5	5.000000	5.000000
377	2382	['1781', '1782', '1780', '1779', '1778', '1777']	5	5.000000	5.000000
378	307	['1499', '1500', '1495', '1496', '1497', '1498']	1	1.000000	1.000000
379	308	['1499', '1500', '1495', '1496', '1497', '1498']	2	2.000000	2.000000
380	309	['1499', '1500', '1495', '1496', '1497', '1498']	1	1.000000	1.000000
381	310	['1499', '1500', '1495', '1496', '1497', '1498']	1	1.000000	1.000000
382	311	['1499', '1500', '1495', '1496', '1497', '1498']	1	1.000000	1.000000
383	312	['1499', '1500', '1495', '1496', '1497', '1498']	1	1.000000	1.000000
384	2707	['1728', '1727', '1726', '1723', '1724', '1725']	2	2.000000	2.000000
385	2708	['1728', '1727', '1726', '1723', '1724', '1725']	5	5.000000	5.000000
386	2709	['1728', '1727', '1726', '1723', '1724', '1725']	2	2.000000	2.000000
387	2710	['1728', '1727', '1726', '1723', '1724', '1725']	5	5.000000	5.000000
388	2711	['1728', '1727', '1726', '1723', '1724', '1725']	2	2.000000	2.000000
389	2712	['1728', '1727', '1726', '1723', '1724', '1725']	5	5.000000	5.000000
390	217	['2987', '2983', '2984', '2985', '2986', '2988']	5	5.000000	5.000000
391	218	['2987', '2983', '2984', '2985', '2986', '2988']	2	2.000000	2.000000
392	219	['2987', '2983', '2984', '2985', '2986', '2988']	5	5.000000	5.000000
393	220	['2987', '2983', '2984', '2985', '2986', '2988']	2	2.000000	2.000000
394	221	['2987', '2983', '2984', '2985', '2986', '2988']	5	5.000000	5.000000
395	222	['2987', '2983', '2984', '2985', '2986', '2988']	2	2.000000	2.000000
396	805	['235', '236', '237', '238', '239', '240']	5	5.000000	5.000000
397	806	['235', '236', '237', '238', '239', '240']	3	3.000000	3.000000
398	807	['235', '236', '237', '238', '239', '240']	5	5.000000	5.000000
399	808	['235', '236', '237', '238', '239', '240']	5	5.000000	5.000000
400	809	['235', '236', '237', '238', '239', '240']	5	5.000000	5.000000
401	810	['235', '236', '237', '238', '239', '240']	5	5.000000	5.000000
402	3223	['3161', '3160', '3159', '3158', '3157', '3162']	5	5.000000	5.000000
403	3224	['3161', '3160', '3159', '3158', '3157', '3162']	5	5.000000	5.000000
404	3225	['3161', '3160', '3159', '3158', '3157', '3162']	5	5.000000	5.000000
405	3226	['3161', '3160', '3159', '3158', '3157', '3162']	5	5.000000	5.000000
406	3227	['3161', '3160', '3159', '3158', '3157', '3162']	5	5.000000	5.000000
407	3228	['3161', '3160', '3159', '3158', '3157', '3162']	5	5.000000	5.000000
408	757	['1092', '1088', '1089', '1091', '1090', '1087']	1	1.000000	1.000000
409	758	['1092', '1088', '1089', '1091', '1090', '1087']	1	1.000000	1.000000
410	759	['1092', '1088', '1089', '1091', '1090', '1087']	1	1.000000	1.000000
411	760	['1092', '1088', '1089', '1091', '1090', '1087']	1	1.000000	1.000000
412	761	['1092', '1088', '1089', '1091', '1090', '1087']	1	1.000000	1.000000
413	762	['1092', '1088', '1089', '1091', '1090', '1087']	1	1.000000	1.000000
414	1099	['3145', '3146', '3147', '3148', '3149', '3150']	1	1.000000	1.000000
415	1100	['3145', '3146', '3147', '3148', '3149', '3150']	1	1.000000	1.000000
416	1101	['3145', '3146', '3147', '3148', '3149', '3150']	5	5.000000	5.000000
417	1102	['3145', '3146', '3147', '3148', '3149', '3150']	1	1.000000	1.000000
418	1103	['3145', '3146', '3147', '3148', '3149', '3150']	1	1.000000	1.000000
419	1104	['3145', '3146', '3147', '3148', '3149', '3150']	1	1.000000	1.000000
420	637	['1499', '1500', '1498', '1497', '1496', '1495']	1	1.000000	1.000000
421	638	['1499', '1500', '1498', '1497', '1496', '1495']	1	1.000000	1.000000
422	639	['1499', '1500', '1498', '1497', '1496', '1495']	1	1.000000	1.000000
423	640	['1499', '1500', '1498', '1497', '1496', '1495']	1	1.000000	1.000000
424	641	['1499', '1500', '1498', '1497', '1496', '1495']	1	1.000000	1.000000
425	642	['1499', '1500', '1498', '1497', '1496', '1495']	1	1.000000	1.000000
426	1609	['1397', '1398', '1396', '1395', '1394', '1393']	1	1.000000	1.000000
427	1610	['1397', '1398', '1396', '1395', '1394', '1393']	1	1.000000	1.000000
428	1611	['1397', '1398', '1396', '1395', '1394', '1393']	1	1.000000	1.000000
429	1612	['1397', '1398', '1396', '1395', '1394', '1393']	1	1.000000	1.000000
430	1613	['1397', '1398', '1396', '1395', '1394', '1393']	1	1.000000	1.000000
431	1614	['1397', '1398', '1396', '1395', '1394', '1393']	1	1.000000	1.000000
432	1921	['55', '56', '57', '58', '59', '60']	5	5.000000	5.000000
433	1922	['55', '56', '57', '58', '59', '60']	5	5.000000	5.000000
434	1923	['55', '56', '57', '58', '59', '60']	5	5.000000	5.000000
435	1924	['55', '56', '57', '58', '59', '60']	5	5.000000	5.000000
436	1925	['55', '56', '57', '58', '59', '60']	5	5.000000	5.000000
437	1926	['55', '56', '57', '58', '59', '60']	5	5.000000	5.000000
438	2311	['2983', '2984', '2985', '2986', '2987', '2988']	2	2.000000	2.000000
439	2312	['2983', '2984', '2985', '2986', '2987', '2988']	1	1.000000	1.000000
440	2313	['2983', '2984', '2985', '2986', '2987', '2988']	2	2.000000	2.000000
441	2314	['2983', '2984', '2985', '2986', '2987', '2988']	1	1.000000	1.000000
442	2315	['2983', '2984', '2985', '2986', '2987', '2988']	2	2.000000	2.000000
443	2316	['2983', '2984', '2985', '2986', '2987', '2988']	1	1.000000	1.000000
444	3722	['3412', '3409', '3414', '3413', '3410', '3411']	5	5.000000	5.000000
445	3723	['3412', '3409', '3414', '3413', '3410', '3411']	2	2.000000	2.000000
446	3724	['3412', '3409', '3414', '3413', '3410', '3411']	5	5.000000	5.000000
447	3725	['3412', '3409', '3414', '3413', '3410', '3411']	2	2.000000	2.000000
448	3726	['3412', '3409', '3414', '3413', '3410', '3411']	5	5.000000	5.000000
449	3727	['3412', '3409', '3414', '3413', '3410', '3411']	2	2.000000	2.000000
450	1213	['3162', '3161', '3160', '3159', '3158', '3157']	5	5.000000	5.000000
451	1214	['3162', '3161', '3160', '3159', '3158', '3157']	1	1.000000	1.000000
452	1215	['3162', '3161', '3160', '3159', '3158', '3157']	5	5.000000	5.000000
453	1216	['3162', '3161', '3160', '3159', '3158', '3157']	1	1.000000	1.000000
454	1217	['3162', '3161', '3160', '3159', '3158', '3157']	5	5.000000	5.000000
455	1218	['3162', '3161', '3160', '3159', '3158', '3157']	1	1.000000	1.000000
456	523	['1073', '1069', '1074', '1070', '1071', '1072']	5	5.000000	5.000000
457	524	['1073', '1069', '1074', '1070', '1071', '1072']	5	5.000000	5.000000
458	525	['1073', '1069', '1074', '1070', '1071', '1072']	5	5.000000	5.000000
459	526	['1073', '1069', '1074', '1070', '1071', '1072']	5	5.000000	5.000000
460	527	['1073', '1069', '1074', '1070', '1071', '1072']	5	5.000000	5.000000
461	528	['1073', '1069', '1074', '1070', '1071', '1072']	5	5.000000	5.000000
462	2107	['1725', '1723', '1724', '1726', '1727', '1728']	5	5.000000	5.000000
463	2108	['1725', '1723', '1724', '1726', '1727', '1728']	5	5.000000	5.000000
464	2109	['1725', '1723', '1724', '1726', '1727', '1728']	5	5.000000	5.000000
465	2110	['1725', '1723', '1724', '1726', '1727', '1728']	5	5.000000	5.000000
466	2111	['1725', '1723', '1724', '1726', '1727', '1728']	5	5.000000	5.000000
467	2112	['1725', '1723', '1724', '1726', '1727', '1728']	5	5.000000	5.000000
468	67	['3632', '3633', '3634', '3635', '3636', '3637']	3	3.000000	3.000000
469	68	['3632', '3633', '3634', '3635', '3636', '3637']	3	3.000000	3.000000
470	69	['3632', '3633', '3634', '3635', '3636', '3637']	3	3.000000	3.000000
471	70	['3632', '3633', '3634', '3635', '3636', '3637']	3	3.000000	3.000000
472	71	['3632', '3633', '3634', '3635', '3636', '3637']	3	3.000000	3.000000
473	72	['3632', '3633', '3634', '3635', '3636', '3637']	3	3.000000	3.000000
474	583	['2729', '2727', '2725', '2726', '2728', '2730']	3	3.000000	3.000000
475	584	['2729', '2727', '2725', '2726', '2728', '2730']	3	3.000000	3.000000
476	585	['2729', '2727', '2725', '2726', '2728', '2730']	3	3.000000	3.000000
477	586	['2729', '2727', '2725', '2726', '2728', '2730']	3	3.000000	3.000000
478	587	['2729', '2727', '2725', '2726', '2728', '2730']	3	3.000000	3.000000
479	588	['2729', '2727', '2725', '2726', '2728', '2730']	3	3.000000	3.000000
480	2497	['632', '633', '631', '636', '635', '634']	3	3.000000	3.000000
481	2498	['632', '633', '631', '636', '635', '634']	3	3.000000	3.000000
482	2499	['632', '633', '631', '636', '635', '634']	3	3.000000	3.000000
483	2500	['632', '633', '631', '636', '635', '634']	3	3.000000	3.000000
484	2501	['632', '633', '631', '636', '635', '634']	3	3.000000	3.000000
485	2502	['632', '633', '631', '636', '635', '634']	3	3.000000	3.000000
486	3770	['995', '994', '993', '992', '991', '996']	1	1.000000	1.000000
487	3771	['995', '994', '993', '992', '991', '996']	1	1.000000	1.000000
488	3772	['995', '994', '993', '992', '991', '996']	1	1.000000	1.000000
489	3773	['995', '994', '993', '992', '991', '996']	1	1.000000	1.000000
490	3774	['995', '994', '993', '992', '991', '996']	1	1.000000	1.000000
491	3775	['995', '994', '993', '992', '991', '996']	1	1.000000	1.000000
492	385	['962', '961', '963', '964', '965', '966']	2	2.000000	2.000000
493	386	['962', '961', '963', '964', '965', '966']	1	1.000000	1.000000
494	387	['962', '961', '963', '964', '965', '966']	2	2.000000	2.000000
495	388	['962', '961', '963', '964', '965', '966']	1	1.000000	1.000000
496	389	['962', '961', '963', '964', '965', '966']	2	2.000000	2.000000
497	390	['962', '961', '963', '964', '965', '966']	1	1.000000	1.000000
498	1633	['1725', '1726', '1727', '1728', '1723', '1724']	1	1.000000	1.000000
499	1634	['1725', '1726', '1727', '1728', '1723', '1724']	4	4.000000	4.000000
500	1635	['1725', '1726', '1727', '1728', '1723', '1724']	1	1.000000	1.000000
501	1636	['1725', '1726', '1727', '1728', '1723', '1724']	4	4.000000	4.000000
502	1637	['1725', '1726', '1727', '1728', '1723', '1724']	1	1.000000	1.000000
503	1638	['1725', '1726', '1727', '1728', '1723', '1724']	4	4.000000	4.000000
504	3415	['2881', '2882', '2886', '2885', '2884', '2883']	1	1.000000	1.000000
505	3416	['2881', '2882', '2886', '2885', '2884', '2883']	1	1.000000	1.000000
506	3417	['2881', '2882', '2886', '2885', '2884', '2883']	1	1.000000	1.000000
507	3418	['2881', '2882', '2886', '2885', '2884', '2883']	1	1.000000	1.000000
508	3419	['2881', '2882', '2886', '2885', '2884', '2883']	1	1.000000	1.000000
509	3420	['2881', '2882', '2886', '2885', '2884', '2883']	1	1.000000	1.000000
510	517	['3160', '3159', '3158', '3157', '3161', '3162']	5	5.000000	5.000000
511	518	['3160', '3159', '3158', '3157', '3161', '3162']	2	2.000000	2.000000
512	519	['3160', '3159', '3158', '3157', '3161', '3162']	5	5.000000	5.000000
513	520	['3160', '3159', '3158', '3157', '3161', '3162']	2	2.000000	2.000000
514	521	['3160', '3159', '3158', '3157', '3161', '3162']	5	5.000000	5.000000
515	522	['3160', '3159', '3158', '3157', '3161', '3162']	2	2.000000	2.000000
516	1435	['2533', '2538', '2534', '2535', '2536', '2537']	5	5.000000	5.000000
517	1436	['2533', '2538', '2534', '2535', '2536', '2537']	5	5.000000	5.000000
518	1437	['2533', '2538', '2534', '2535', '2536', '2537']	5	5.000000	5.000000
519	1438	['2533', '2538', '2534', '2535', '2536', '2537']	5	5.000000	5.000000
520	1439	['2533', '2538', '2534', '2535', '2536', '2537']	5	5.000000	5.000000
521	1440	['2533', '2538', '2534', '2535', '2536', '2537']	5	5.000000	5.000000
522	1615	['1121', '1120', '1122', '1117', '1118', '1119']	5	5.000000	5.000000
523	1616	['1121', '1120', '1122', '1117', '1118', '1119']	5	5.000000	5.000000
524	1617	['1121', '1120', '1122', '1117', '1118', '1119']	5	5.000000	5.000000
525	1618	['1121', '1120', '1122', '1117', '1118', '1119']	5	5.000000	5.000000
526	1619	['1121', '1120', '1122', '1117', '1118', '1119']	5	5.000000	5.000000
527	1620	['1121', '1120', '1122', '1117', '1118', '1119']	5	5.000000	5.000000
528	2449	['2455', '2456', '2460', '2459', '2458', '2457']	5	5.000000	5.000000
529	2450	['2455', '2456', '2460', '2459', '2458', '2457']	1	1.000000	1.000000
530	2451	['2455', '2456', '2460', '2459', '2458', '2457']	5	5.000000	5.000000
531	2452	['2455', '2456', '2460', '2459', '2458', '2457']	1	1.000000	1.000000
532	2453	['2455', '2456', '2460', '2459', '2458', '2457']	5	5.000000	5.000000
533	2454	['2455', '2456', '2460', '2459', '2458', '2457']	1	1.000000	1.000000
534	2491	['2185', '2186', '2187', '2188', '2189', '2190']	5	5.000000	5.000000
535	2492	['2185', '2186', '2187', '2188', '2189', '2190']	5	5.000000	5.000000
536	2493	['2185', '2186', '2187', '2188', '2189', '2190']	5	5.000000	5.000000
537	2494	['2185', '2186', '2187', '2188', '2189', '2190']	5	5.000000	5.000000
538	2495	['2185', '2186', '2187', '2188', '2189', '2190']	5	5.000000	5.000000
539	2496	['2185', '2186', '2187', '2188', '2189', '2190']	5	5.000000	5.000000
540	2071	['1094', '1095', '1098', '1097', '1096', '1093']	3	3.000000	3.000000
541	2072	['1094', '1095', '1098', '1097', '1096', '1093']	1	1.000000	1.000000
542	2073	['1094', '1095', '1098', '1097', '1096', '1093']	1	1.000000	1.000000
543	2074	['1094', '1095', '1098', '1097', '1096', '1093']	1	1.000000	1.000000
544	2075	['1094', '1095', '1098', '1097', '1096', '1093']	2	2.000000	2.000000
545	2076	['1094', '1095', '1098', '1097', '1096', '1093']	1	1.000000	1.000000
546	2221	['1075', '1076', '1077', '1078', '1079', '1080']	5	5.000000	5.000000
547	2222	['1075', '1076', '1077', '1078', '1079', '1080']	3	3.000000	3.000000
548	2223	['1075', '1076', '1077', '1078', '1079', '1080']	5	5.000000	5.000000
549	2224	['1075', '1076', '1077', '1078', '1079', '1080']	3	3.000000	3.000000
550	2225	['1075', '1076', '1077', '1078', '1079', '1080']	5	5.000000	5.000000
551	2226	['1075', '1076', '1077', '1078', '1079', '1080']	3	3.000000	3.000000
552	2695	['1779', '1778', '1777', '1781', '1782', '1780']	1	1.000000	1.000000
553	2696	['1779', '1778', '1777', '1781', '1782', '1780']	1	1.000000	1.000000
554	2697	['1779', '1778', '1777', '1781', '1782', '1780']	1	1.000000	1.000000
555	2698	['1779', '1778', '1777', '1781', '1782', '1780']	1	1.000000	1.000000
556	2699	['1779', '1778', '1777', '1781', '1782', '1780']	1	1.000000	1.000000
557	2700	['1779', '1778', '1777', '1781', '1782', '1780']	1	1.000000	1.000000
558	1705	['3487', '3492', '3488', '3489', '3490', '3491']	1	1.000000	1.000000
559	1706	['3487', '3492', '3488', '3489', '3490', '3491']	1	1.000000	1.000000
560	1707	['3487', '3492', '3488', '3489', '3490', '3491']	1	1.000000	1.000000
561	1708	['3487', '3492', '3488', '3489', '3490', '3491']	1	1.000000	1.000000
562	1709	['3487', '3492', '3488', '3489', '3490', '3491']	1	1.000000	1.000000
563	1710	['3487', '3492', '3488', '3489', '3490', '3491']	1	1.000000	1.000000
564	355	['2188', '2190', '2185', '2186', '2187', '2189']	1	1.000000	1.000000
565	356	['2188', '2190', '2185', '2186', '2187', '2189']	1	1.000000	1.000000
566	357	['2188', '2190', '2185', '2186', '2187', '2189']	1	1.000000	1.000000
567	358	['2188', '2190', '2185', '2186', '2187', '2189']	1	1.000000	1.000000
568	359	['2188', '2190', '2185', '2186', '2187', '2189']	1	1.000000	1.000000
569	360	['2188', '2190', '2185', '2186', '2187', '2189']	1	1.000000	1.000000
570	655	['3565', '3560', '3561', '3562', '3564', '3563']	5	5.000000	5.000000
571	656	['3565', '3560', '3561', '3562', '3564', '3563']	1	1.000000	1.000000
572	657	['3565', '3560', '3561', '3562', '3564', '3563']	5	5.000000	5.000000
573	658	['3565', '3560', '3561', '3562', '3564', '3563']	1	1.000000	1.000000
574	659	['3565', '3560', '3561', '3562', '3564', '3563']	5	5.000000	5.000000
575	660	['3565', '3560', '3561', '3562', '3564', '3563']	1	1.000000	1.000000
576	2467	['3795', '3799', '3798', '3797', '3796', '3794']	1	1.000000	1.000000
577	2468	['3795', '3799', '3798', '3797', '3796', '3794']	1	1.000000	1.000000
578	2469	['3795', '3799', '3798', '3797', '3796', '3794']	1	1.000000	1.000000
579	2470	['3795', '3799', '3798', '3797', '3796', '3794']	1	1.000000	1.000000
580	2471	['3795', '3799', '3798', '3797', '3796', '3794']	1	1.000000	1.000000
581	2472	['3795', '3799', '3798', '3797', '3796', '3794']	1	1.000000	1.000000
582	3433	['1065', '1063', '1064', '1068', '1067', '1066']	1	1.000000	1.000000
583	3434	['1065', '1063', '1064', '1068', '1067', '1066']	1	1.000000	1.000000
584	3435	['1065', '1063', '1064', '1068', '1067', '1066']	1	1.000000	1.000000
585	3436	['1065', '1063', '1064', '1068', '1067', '1066']	1	1.000000	1.000000
586	3437	['1065', '1063', '1064', '1068', '1067', '1066']	1	1.000000	1.000000
587	3438	['1065', '1063', '1064', '1068', '1067', '1066']	1	1.000000	1.000000
