idx	sample_id	random_ids	llm_text	llm_score	final_score
0	2371	['2921', '3165', '491', '1542', '3791', '3515', '1282', '1890']	4	4.000000	4.000000
1	2372	['1693', '194', '1078', '3791', '1674', '2079', '1590', '2902']	3	3.000000	3.000000
2	2373	['1081', '198', '1699', '255', '2522', '1505', '2219', '671']	4	4.000000	4.000000
3	2374	['3517', '302', '2585', '259', '1870', '2295', '144', '3646']	4	4.000000	4.000000
4	2375	['1050', '2474', '3357', '2250', '3358', '55', '2612', '2903']	4	4.000000	4.000000
5	2376	['3182', '112', '2666', '3404', '3533', '1098', '1128', '2855']	3	3.000000	3.000000
6	145	['1321', '3408', '1802', '1523', '1248', '2674', '2577', '2434']	2	2.000000	2.000000
7	146	['3397', '105', '2957', '2865', '956', '2154', '3205', '3244']	2	2.000000	2.000000
8	147	['3705', '38', '3188', '3014', '900', '179', '3277', '2448']	2	2.000000	2.000000
9	148	['2730', '172', '2575', '1200', '2969', '1420', '458', '580']	2	2.000000	2.000000
10	149	['1402', '852', '1464', '871', '3046', '2734', '1526', '958']	3	3.000000	3.000000
11	150	['2675', '53', '475', '966', '1143', '3195', '702', '2989']	2	2.000000	2.000000
12	3391	['2637', '716', '2729', '1783', '2244', '2480', '299', '1627']	2	2.000000	2.000000
13	3392	['740', '398', '2893', '2152', '1010', '818', '3499', '3522']	2	2.000000	2.000000
14	3393	['2250', '2862', '1967', '2993', '2581', '176', '1125', '3597']	2	2.000000	2.000000
15	3394	['1863', '1531', '1203', '108', '2951', '1061', '1265', '1308']	3	3.000000	3.000000
16	3395	['3409', '2343', '1494', '2218', '1593', '1786', '1010', '1686']	2	2.000000	2.000000
17	3396	['978', '129', '768', '375', '1997', '2154', '2933', '87']	3	3.000000	3.000000
18	3109	['869', '141', '2448', '1999', '1152', '34', '1765', '2632']	4	4.000000	4.000000
19	3110	['1701', '3567', '1051', '1361', '1106', '1491', '2370', '1191']	2	2.000000	2.000000
20	3111	['11', '2033', '3411', '1404', '2466', '3015', '731', '1330']	5	5.000000	5.000000
21	3112	['932', '2986', '1843', '2588', '897', '104', '211', '2615']	2	2.000000	2.000000
22	3113	['2160', '2532', '3308', '2752', '2521', '117', '2510', '3234']	5	5.000000	5.000000
23	3114	['1594', '440', '3529', '1841', '703', '337', '2967', '2247']	2	2.000000	2.000000
24	3572	['2567', '2920', '514', '817', '486', '29', '871', '132']	4	4.000000	4.000000
25	3573	['651', '1516', '2588', '2971', '2510', '2208', '2519', '1498']	2	2.000000	2.000000
26	3574	['798', '185', '2206', '1494', '3684', '2272', '344', '92']	4	4.000000	4.000000
27	3575	['2596', '1786', '2339', '3301', '178', '1106', '263', '1872']	2	2.000000	2.000000
28	3576	['3743', '2462', '3538', '52', '489', '1135', '1685', '1648']	4	4.000000	4.000000
29	3577	['1597', '3024', '3213', '512', '3192', '1601', '894', '3432']	3	3.000000	3.000000
30	2437	['3189', '1727', '825', '305', '1336', '2636', '3496', '542']	4	4.000000	4.000000
31	2438	['3234', '2769', '555', '1846', '2898', '3353', '1058', '1779']	4	4.000000	4.000000
32	2439	['742', '3053', '1351', '718', '3619', '3296', '3730', '83']	5	5.000000	5.000000
33	2440	['2728', '1059', '1178', '3474', '8', '2783', '1865', '259']	2	2.000000	2.000000
34	2441	['3625', '3756', '1363', '1365', '3405', '2513', '61', '1847']	4	4.000000	4.000000
35	2442	['1173', '815', '1487', '2250', '2087', '1494', '1061', '3024']	4	4.000000	4.000000
36	1561	['1398', '1191', '689', '1303', '1725', '3496', '1067', '2303']	5	5.000000	5.000000
37	1562	['1530', '2636', '783', '1003', '968', '2990', '803', '1148']	2	2.000000	2.000000
38	1563	['2228', '255', '3249', '2770', '3079', '2528', '3397', '3356']	5	5.000000	5.000000
39	1564	['1138', '1363', '704', '703', '3421', '2968', '3276', '668']	2	2.000000	2.000000
40	1565	['885', '1885', '1946', '3404', '3429', '3413', '1802', '3568']	5	5.000000	5.000000
41	1566	['1464', '802', '2689', '1195', '777', '1543', '373', '2726']	2	2.000000	2.000000
42	433	['2357', '785', '304', '898', '634', '2985', '3123', '2768']	3	3.000000	3.000000
43	434	['3211', '45', '94', '1180', '1651', '636', '2780', '3050']	3	3.000000	3.000000
44	435	['1898', '2971', '1060', '3424', '919', '957', '1089', '2872']	4	4.000000	4.000000
45	436	['2525', '929', '3563', '3390', '883', '1586', '3320', '3277']	3	3.000000	3.000000
46	437	['3444', '1396', '3613', '1138', '2446', '2386', '1814', '3409']	3	3.000000	3.000000
47	438	['1455', '3569', '2865', '240', '1360', '1292', '2673', '2856']	2	2.000000	2.000000
48	187	['2233', '2727', '3567', '820', '2383', '3408', '737', '3750']	2	2.000000	2.000000
49	188	['3691', '2531', '2232', '2612', '2870', '2094', '1324', '3074']	2	2.000000	2.000000
50	189	['3646', '1647', '825', '2240', '2001', '2295', '2588', '3789']	3	3.000000	3.000000
51	190	['1847', '3375', '2754', '2067', '2851', '118', '955', '3054']	2	2.000000	2.000000
52	191	['2237', '1235', '3350', '2656', '2323', '1086', '105', '40']	2	2.000000	2.000000
53	192	['3086', '1627', '1322', '1697', '256', '3184', '987', '1495']	2	2.000000	2.000000
54	559	['1411', '3061', '869', '1653', '3621', '1332', '1743', '2592']	4	4.000000	4.000000
55	560	['3319', '1593', '2564', '2950', '1054', '1655', '2192', '1734']	2	2.000000	2.000000
56	561	['428', '3442', '598', '132', '2230', '1725', '2725', '815']	4	4.000000	4.000000
57	562	['3467', '2187', '2961', '1503', '1531', '1655', '3650', '2908']	2	2.000000	2.000000
58	563	['1338', '1587', '2407', '784', '2326', '1146', '3148', '1071']	4	4.000000	4.000000
59	564	['2341', '1263', '2589', '3735', '705', '887', '3514', '2636']	2	2.000000	2.000000
60	1315	['2153', '3235', '1047', '1106', '3279', '253', '2583', '1599']	2	2.000000	2.000000
61	1316	['501', '414', '182', '812', '1395', '2613', '3073', '970']	2	2.000000	2.000000
62	1317	['1772', '3310', '727', '2369', '574', '254', '2548', '3514']	2	2.000000	2.000000
63	1318	['1690', '2284', '2422', '2954', '3735', '3283', '1645', '3512']	2	2.000000	2.000000
64	1319	['2527', '140', '488', '1525', '3078', '876', '1782', '2630']	2	2.000000	2.000000
65	1320	['3374', '1693', '1282', '2227', '1412', '3487', '996', '3666']	2	2.000000	2.000000
66	2161	['3320', '2192', '1404', '2339', '178', '1702', '1047', '1232']	3	3.000000	3.000000
67	2162	['1206', '1964', '2654', '3266', '378', '736', '1685', '1094']	2	2.000000	2.000000
68	2163	['1144', '974', '1513', '91', '651', '1685', '1518', '3179']	3	3.000000	3.000000
69	2164	['3468', '3790', '2296', '2611', '1870', '2170', '1334', '2302']	2	2.000000	2.000000
70	2165	['201', '2080', '2242', '1607', '2961', '3249', '2619', '374']	3	3.000000	3.000000
71	2166	['1523', '152', '1246', '782', '555', '2443', '3061', '3511']	2	2.000000	2.000000
72	2803	['893', '3242', '1393', '3534', '1279', '1798', '1731', '3593']	3	3.000000	3.000000
73	2804	['297', '468', '704', '578', '178', '2854', '811', '1928']	2	2.000000	2.000000
74	2805	['2731', '3283', '1425', '377', '687', '1362', '3183', '508']	3	3.000000	3.000000
75	2806	['1823', '1059', '969', '1528', '2169', '3151', '515', '2598']	2	2.000000	2.000000
76	2807	['972', '1886', '3740', '1149', '1120', '1117', '2588', '1733']	3	3.000000	3.000000
77	2808	['1006', '1084', '2506', '2420', '2852', '3569', '1728', '1232']	2	2.000000	2.000000
78	2131	['209', '2594', '1203', '2063', '314', '1531', '64', '503']	3	3.000000	3.000000
79	2132	['887', '2616', '3231', '1533', '1653', '708', '555', '3425']	2	2.000000	2.000000
80	2133	['1256', '1128', '888', '2476', '1462', '925', '2538', '59']	4	4.000000	4.000000
81	2134	['1257', '1700', '2045', '2606', '1997', '1687', '2283', '948']	1	1.000000	1.000000
82	2135	['3686', '3398', '3753', '262', '2897', '208', '2001', '3511']	4	4.000000	4.000000
83	2136	['263', '3337', '422', '1325', '3618', '2237', '3311', '3044']	2	2.000000	2.000000
84	2809	['2087', '2271', '296', '3154', '1711', '1732', '1064', '1721']	3	3.000000	3.000000
85	2810	['955', '3751', '1687', '3283', '1534', '3291', '2932', '3166']	3	3.000000	3.000000
86	2811	['2436', '3739', '3568', '2059', '763', '503', '1862', '1086']	3	3.000000	3.000000
87	2812	['3607', '1532', '3209', '11', '958', '2241', '2673', '1876']	3	3.000000	3.000000
88	2813	['257', '3703', '2116', '477', '2919', '2122', '1524', '2961']	4	4.000000	4.000000
89	2814	['3614', '1691', '2960', '504', '2341', '1248', '818', '2086']	4	4.000000	4.000000
90	379	['945', '1632', '509', '3088', '1656', '1426', '196', '3053']	2	2.000000	2.000000
91	380	['1228', '1806', '504', '2896', '3616', '2550', '2423', '3591']	4	4.000000	4.000000
92	381	['903', '1946', '2155', '1490', '2169', '1929', '919', '2232']	2	2.000000	2.000000
93	382	['2892', '741', '3277', '571', '33', '1656', '3260', '3189']	4	4.000000	4.000000
94	383	['3622', '2836', '3174', '3763', '175', '1130', '1126', '3390']	3	3.000000	3.000000
95	384	['3169', '1532', '1876', '2203', '1868', '651', '2185', '3694']	4	4.000000	4.000000
96	1951	['3300', '265', '1397', '3692', '3793', '2087', '2270', '1057']	4	4.000000	4.000000
97	1952	['580', '780', '3463', '503', '3429', '571', '3275', '2613']	2	2.000000	2.000000
98	1953	['2431', '1397', '1087', '2116', '779', '2275', '802', '2463']	4	4.000000	4.000000
99	1954	['235', '3604', '3689', '3423', '2191', '181', '2296', '3375']	3	3.000000	3.000000
100	1955	['1606', '2189', '1139', '3702', '171', '2528', '1696', '946']	4	4.000000	4.000000
101	1956	['1777', '2853', '3170', '303', '2503', '2172', '1822', '3210']	2	2.000000	2.000000
102	2257	['1491', '3173', '3295', '932', '2239', '1325', '635', '3473']	5	5.000000	5.000000
103	2258	['3512', '2525', '208', '1413', '2269', '2564', '1608', '1123']	5	5.000000	5.000000
104	2259	['748', '89', '3442', '2158', '402', '3566', '3745', '2033']	5	5.000000	5.000000
105	2260	['2383', '2344', '2271', '3536', '2078', '1456', '1544', '3066']	5	5.000000	5.000000
106	2261	['3401', '2474', '1057', '461', '968', '3520', '3377', '1890']	4	4.000000	4.000000
107	2262	['1608', '95', '156', '3218', '686', '794', '3654', '2890']	4	4.000000	4.000000
108	2755	['117', '685', '2337', '964', '2276', '1367', '2118', '1821']	2	2.000000	2.000000
109	2756	['1258', '1674', '412', '1066', '3282', '3690', '3219', '511']	4	4.000000	4.000000
110	2757	['2275', '306', '2044', '701', '3307', '1128', '440', '1545']	2	2.000000	2.000000
111	2758	['2531', '1510', '2279', '135', '956', '1542', '128', '3151']	4	4.000000	4.000000
112	2759	['3386', '1683', '819', '1806', '508', '2590', '3752', '3684']	2	2.000000	2.000000
113	2760	['295', '1175', '1075', '2753', '1425', '3763', '504', '401']	4	4.000000	4.000000
114	2773	['1602', '600', '2576', '2608', '1870', '513', '441', '238']	4	4.000000	4.000000
115	2774	['729', '1006', '2580', '516', '2620', '2548', '180', '2270']	4	4.000000	4.000000
116	2775	['3160', '2188', '118', '240', '1766', '2854', '3496', '27']	4	4.000000	4.000000
117	2776	['2920', '3082', '2085', '1087', '3616', '3703', '2629', '965']	4	4.000000	4.000000
118	2777	['344', '2902', '196', '905', '705', '3685', '1296', '3054']	4	4.000000	4.000000
119	2778	['2459', '2384', '2947', '408', '49', '2505', '3267', '2620']	4	4.000000	4.000000
120	787	['1346', '1791', '2963', '1016', '172', '1122', '3753', '2971']	4	4.000000	4.000000
121	788	['2694', '2044', '3564', '3665', '1729', '1681', '1222', '705']	2	2.000000	2.000000
122	789	['702', '624', '1194', '2270', '3161', '3016', '1799', '2669']	4	4.000000	4.000000
123	790	['1947', '745', '1493', '260', '2412', '2918', '1011', '2962']	3	3.000000	3.000000
124	791	['3647', '1331', '894', '3124', '3637', '2622', '2235', '3286']	4	4.000000	4.000000
125	792	['2431', '131', '960', '3295', '2432', '671', '3296', '2610']	2	2.000000	2.000000
126	1549	['2609', '2513', '2120', '3733', '1193', '2093', '2884', '490']	4	4.000000	4.000000
127	1550	['826', '1881', '1078', '1132', '847', '2204', '768', '3697']	4	4.000000	4.000000
128	1551	['3692', '3218', '926', '2753', '579', '482', '2519', '3598']	3	3.000000	3.000000
129	1552	['313', '116', '2865', '2238', '2115', '2901', '3017', '1744']	4	4.000000	4.000000
130	1553	['515', '3706', '1061', '1223', '1187', '2883', '2672', '3453']	4	4.000000	4.000000
131	1554	['1788', '1630', '868', '1173', '1003', '2725', '1193', '778']	4	4.000000	4.000000
132	2329	['2985', '3706', '826', '2124', '170', '281', '491', '2860']	2	2.000000	2.000000
133	2330	['3649', '2149', '2513', '813', '3432', '2598', '3637', '1453']	4	4.000000	4.000000
134	2331	['3504', '2354', '2215', '1005', '1945', '966', '1775', '1845']	2	2.000000	2.000000
135	2332	['1081', '108', '401', '3388', '1259', '3692', '481', '2250']	4	4.000000	4.000000
136	2333	['1014', '3474', '1064', '1902', '734', '374', '2355', '2120']	2	2.000000	2.000000
137	2334	['2295', '2884', '171', '3606', '305', '690', '1532', '412']	4	4.000000	4.000000
138	2599	['1542', '1284', '736', '654', '1168', '1698', '1680', '3232']	3	3.000000	3.000000
139	2600	['1630', '2118', '3511', '3590', '1533', '3754', '2270', '2536']	4	4.000000	4.000000
140	2601	['1395', '1121', '299', '1194', '1379', '1697', '510', '2173']	2	2.000000	2.000000
141	2602	['2144', '2138', '1517', '3412', '919', '2781', '342', '1140']	5	5.000000	5.000000
142	2603	['2338', '3024', '3378', '1595', '3237', '3653', '3467', '2447']	3	3.000000	3.000000
143	2604	['1347', '1125', '931', '1358', '3400', '643', '1526', '3190']	5	5.000000	5.000000
144	3710	['2444', '2301', '3234', '2201', '2086', '1145', '1695', '3307']	5	5.000000	5.000000
145	3711	['2065', '821', '2921', '2689', '3292', '1186', '1424', '974']	3	3.000000	3.000000
146	3712	['595', '1534', '3165', '1196', '1425', '2963', '3443', '430']	5	5.000000	5.000000
147	3713	['740', '3222', '2903', '28', '1769', '1058', '1694', '3704']	2	2.000000	2.000000
148	3714	['1127', '2616', '2156', '2173', '1393', '91', '2933', '2979']	5	5.000000	5.000000
149	3715	['1817', '1145', '1256', '2608', '868', '2908', '1713', '3463']	3	3.000000	3.000000
150	751	['2435', '887', '2219', '1520', '3147', '1094', '173', '301']	3	3.000000	3.000000
151	752	['2458', '2422', '776', '3149', '2292', '3622', '3799', '3744']	2	2.000000	2.000000
152	753	['964', '117', '3520', '485', '2896', '989', '3690', '2433']	4	4.000000	4.000000
153	754	['2781', '3499', '1078', '3788', '577', '3190', '2858', '483']	2	2.000000	2.000000
154	755	['2592', '7', '1326', '3282', '3615', '775', '489', '398']	3	3.000000	3.000000
155	756	['595', '2675', '399', '1350', '3022', '763', '2654', '2194']	3	3.000000	3.000000
156	2761	['1043', '720', '1336', '814', '1075', '3431', '229', '3652']	3	3.000000	3.000000
157	2762	['884', '3066', '770', '1820', '442', '179', '3522', '1189']	5	5.000000	5.000000
158	2763	['3511', '700', '3649', '1044', '1090', '3282', '1017', '1005']	2	2.000000	2.000000
159	2764	['1325', '3243', '2154', '2461', '1351', '2448', '956', '3491']	5	5.000000	5.000000
160	2765	['3617', '3518', '3516', '262', '3222', '2303', '458', '1109']	4	4.000000	4.000000
161	2766	['3730', '83', '1356', '2583', '3464', '2669', '1685', '3530']	5	5.000000	5.000000
162	721	['1357', '1780', '2241', '2550', '2931', '1886', '1883', '688']	5	5.000000	5.000000
163	722	['1494', '2612', '3259', '1087', '2974', '712', '1076', '2505']	3	3.000000	3.000000
164	723	['2548', '1601', '1945', '3281', '2291', '711', '2528', '154']	4	4.000000	4.000000
165	724	['2082', '3502', '717', '12', '3338', '2353', '422', '739']	2	2.000000	2.000000
166	725	['620', '2868', '3760', '1534', '705', '1726', '1396', '3021']	5	5.000000	5.000000
167	726	['3282', '2693', '2326', '2973', '2352', '295', '1386', '466']	3	3.000000	3.000000
168	2359	['3603', '3532', '238', '2744', '955', '2355', '3590', '786']	5	5.000000	5.000000
169	2360	['2137', '643', '2170', '1818', '1529', '543', '2202', '1281']	3	3.000000	3.000000
170	2361	['847', '1513', '1601', '2887', '2000', '897', '1785', '47']	4	4.000000	4.000000
171	2362	['620', '3088', '1844', '2079', '3376', '3412', '2326', '1186']	3	3.000000	3.000000
172	2363	['990', '3250', '2969', '2733', '727', '1714', '1386', '1530']	4	4.000000	4.000000
173	2364	['3752', '3408', '875', '2957', '458', '683', '1362', '923']	3	3.000000	3.000000
174	1909	['2835', '178', '3514', '2752', '1821', '936', '2119', '3682']	2	2.000000	2.000000
175	1910	['514', '621', '635', '3472', '440', '1040', '3743', '3565']	5	5.000000	5.000000
176	1911	['2063', '3610', '2771', '2323', '3501', '3703', '3424', '118']	2	2.000000	2.000000
177	1912	['513', '1087', '2147', '3050', '3221', '3165', '3322', '539']	4	4.000000	4.000000
178	1913	['3688', '3193', '2906', '1495', '2063', '2965', '2292', '3024']	2	2.000000	2.000000
179	1914	['2851', '688', '184', '961', '2986', '2917', '932', '1333']	5	5.000000	5.000000
180	2413	['3220', '3275', '2034', '3564', '2366', '2853', '411', '848']	2	2.000000	2.000000
181	2414	['1524', '2431', '1425', '2990', '1631', '1869', '770', '2653']	4	4.000000	4.000000
182	2415	['3529', '3124', '3121', '305', '1049', '3644', '1785', '2961']	2	2.000000	2.000000
183	2416	['397', '544', '2351', '1012', '682', '3695', '3512', '892']	4	4.000000	4.000000
184	2417	['2269', '3602', '1459', '2336', '2067', '1715', '3088', '1106']	3	3.000000	3.000000
185	2418	['492', '988', '3428', '3562', '3787', '3099', '3191', '1182']	5	5.000000	5.000000
186	3554	['143', '2964', '1413', '741', '1119', '763', '3792', '786']	4	4.000000	4.000000
187	3555	['440', '715', '2403', '1258', '1509', '2947', '701', '797']	5	5.000000	5.000000
188	3556	['582', '2576', '2908', '2475', '1223', '1604', '3337', '270']	4	4.000000	4.000000
189	3557	['3399', '3064', '972', '2143', '2197', '488', '771', '1728']	5	5.000000	5.000000
190	3558	['2743', '1330', '3795', '2526', '404', '978', '2535', '2768']	4	4.000000	4.000000
191	3559	['2851', '2983', '1008', '3562', '502', '1413', '2958', '698']	5	5.000000	5.000000
192	949	['3220', '1673', '2354', '1192', '3212', '2326', '849', '1804']	4	4.000000	4.000000
193	950	['253', '1089', '1874', '2208', '63', '1097', '28', '2960']	3	3.000000	3.000000
194	951	['578', '1175', '90', '3149', '499', '403', '169', '194']	4	4.000000	4.000000
195	952	['1529', '2487', '1106', '2667', '2286', '1379', '211', '2067']	3	3.000000	3.000000
196	953	['3276', '402', '1056', '1872', '988', '3471', '1646', '2275']	4	4.000000	4.000000
197	954	['2346', '3653', '3356', '3742', '2175', '2170', '865', '3292']	2	2.000000	2.000000
198	1975	['2154', '1964', '2200', '3165', '1091', '1174', '144', '1712']	5	5.000000	5.000000
199	1976	['3488', '1004', '3701', '1786', '685', '1090', '3441', '3405']	4	4.000000	4.000000
200	1977	['2001', '3400', '1963', '2033', '3262', '2034', '648', '3246']	4	4.000000	4.000000
201	1978	['897', '487', '3163', '3358', '1064', '316', '3046', '154']	4	4.000000	4.000000
202	1979	['3708', '2146', '3300', '3251', '3084', '2910', '3565', '3402']	4	4.000000	4.000000
203	1980	['575', '216', '1456', '2920', '28', '874', '1502', '1486']	3	3.000000	3.000000
204	19	['3590', '1010', '3605', '2904', '2041', '1097', '770', '976']	3	3.000000	3.000000
205	20	['180', '2960', '3164', '2772', '430', '3342', '3464', '177']	4	4.000000	4.000000
206	21	['1356', '647', '1947', '3238', '3221', '256', '2004', '3251']	3	3.000000	3.000000
207	22	['3665', '1322', '3261', '742', '2171', '1545', '1524', '2235']	5	5.000000	5.000000
208	23	['3323', '502', '1048', '1484', '3052', '556', '2366', '39']	2	2.000000	2.000000
209	24	['3263', '295', '695', '2918', '1629', '1687', '2250', '3607']	4	4.000000	4.000000
210	625	['732', '3270', '3196', '3624', '345', '3151', '1365', '1771']	4	4.000000	4.000000
211	626	['2167', '2443', '813', '3242', '2771', '1801', '3468', '1964']	2	2.000000	2.000000
212	627	['3783', '1321', '3423', '2950', '647', '711', '172', '966']	3	3.000000	3.000000
213	628	['405', '3565', '2747', '2171', '3489', '1232', '871', '1744']	2	2.000000	2.000000
214	629	['3354', '1072', '1170', '2445', '1399', '2882', '1595', '2141']	2	2.000000	2.000000
215	630	['1796', '946', '1151', '2528', '2932', '2463', '2503', '3539']	2	2.000000	2.000000
216	2701	['1648', '373', '2666', '2296', '874', '501', '140', '668']	4	4.000000	4.000000
217	2702	['2150', '268', '2444', '2250', '1078', '2782', '2950', '173']	3	3.000000	3.000000
218	2703	['1368', '2456', '1178', '1846', '1050', '264', '1815', '1686']	3	3.000000	3.000000
219	2704	['1073', '535', '2973', '1424', '799', '2244', '3342', '1039']	3	3.000000	3.000000
220	2705	['3593', '1291', '1148', '1382', '461', '3312', '646', '3602']	5	5.000000	5.000000
221	2706	['1775', '3521', '2059', '1878', '1965', '3023', '2895', '3563']	3	3.000000	3.000000
222	3133	['3339', '1511', '2269', '83', '3596', '1843', '732', '2346']	3	3.000000	3.000000
223	3134	['194', '669', '237', '893', '3375', '965', '112', '3076']	4	4.000000	4.000000
224	3135	['305', '484', '1529', '2459', '852', '314', '1509', '3019']	2	2.000000	2.000000
225	3136	['229', '1224', '1522', '2178', '2000', '3213', '1726', '1357']	4	4.000000	4.000000
226	3137	['3729', '1525', '2532', '3231', '1488', '1074', '3387', '38']	2	2.000000	2.000000
227	3138	['3358', '2969', '2291', '1773', '1345', '194', '1092', '3465']	4	4.000000	4.000000
228	3584	['1233', '2508', '2904', '1177', '3570', '1587', '540', '2288']	3	3.000000	3.000000
229	3585	['1589', '2593', '2856', '885', '1779', '3695', '3283', '3648']	3	3.000000	3.000000
230	3586	['898', '3100', '2869', '1220', '1284', '1042', '1144', '339']	2	2.000000	2.000000
231	3587	['34', '852', '3704', '3303', '3754', '176', '500', '130']	3	3.000000	3.000000
232	3588	['1176', '2476', '2748', '3452', '1726', '1792', '3282', '3624']	3	3.000000	3.000000
233	3589	['1684', '1225', '2191', '2388', '966', '2169', '1780', '1375']	3	3.000000	3.000000
234	3505	['3088', '2834', '1183', '2731', '1133', '1715', '1193', '2354']	2	2.000000	2.000000
235	3506	['3422', '1651', '2085', '2421', '2227', '711', '1065', '3565']	2	2.000000	2.000000
236	3507	['1364', '1669', '2421', '1493', '2634', '1234', '1394', '1187']	3	3.000000	3.000000
237	3508	['204', '2921', '414', '733', '3259', '513', '1192', '1767']	2	2.000000	2.000000
238	3509	['45', '3646', '1414', '705', '2530', '749', '971', '1077']	1	1.000000	1.000000
239	3510	['1793', '2515', '3193', '516', '3530', '1126', '3468', '2041']	2	2.000000	2.000000
240	73	['458', '2034', '105', '1403', '3703', '3222', '2528', '1011']	2	2.000000	2.000000
241	74	['3793', '2137', '3503', '1950', '1146', '1717', '932', '1331']	4	4.000000	4.000000
242	75	['254', '2200', '141', '824', '3654', '3155', '84', '3324']	2	2.000000	2.000000
243	76	['1966', '1651', '3499', '348', '510', '923', '3518', '316']	5	5.000000	5.000000
244	77	['1489', '960', '2479', '2532', '1019', '233', '704', '3296']	2	2.000000	2.000000
245	78	['2358', '3180', '3651', '2658', '2230', '1141', '1418', '1594']	5	5.000000	5.000000
246	1933	['254', '825', '3193', '137', '2243', '3655', '3123', '3302']	2	2.000000	2.000000
247	1934	['1699', '1930', '3047', '2835', '996', '231', '170', '1280']	2	2.000000	2.000000
248	1935	['1133', '2950', '3273', '3015', '3047', '405', '2403', '2526']	3	3.000000	3.000000
249	1936	['1510', '707', '2692', '1054', '2147', '1462', '2597', '2772']	2	2.000000	2.000000
250	1937	['631', '1416', '1722', '1505', '1325', '872', '1498', '849']	2	2.000000	2.000000
251	1938	['2906', '3312', '2753', '3744', '3444', '3424', '2475', '3731']	3	3.000000	3.000000
252	2911	['3429', '3522', '3146', '2122', '198', '208', '1049', '32']	2	2.000000	2.000000
253	2912	['1510', '2882', '2083', '2227', '1590', '1041', '3443', '1121']	4	4.000000	4.000000
254	2913	['459', '3161', '465', '2528', '890', '1003', '705', '850']	2	2.000000	2.000000
255	2914	['1347', '1964', '3789', '2151', '3086', '202', '631', '1686']	4	4.000000	4.000000
256	2915	['1727', '2965', '2654', '3061', '3410', '1508', '681', '1677']	2	2.000000	2.000000
257	2916	['1259', '2278', '3620', '741', '2344', '3388', '1404', '2864']	4	4.000000	4.000000
258	877	['2726', '3595', '2172', '3237', '63', '2585', '2219', '1842']	4	4.000000	4.000000
259	878	['1087', '399', '426', '557', '556', '2888', '2922', '595']	3	3.000000	3.000000
260	879	['3284', '407', '2436', '2920', '1168', '3601', '3208', '3785']	4	4.000000	4.000000
261	880	['929', '3282', '3337', '1143', '574', '3518', '1534', '2906']	2	2.000000	2.000000
262	881	['1842', '3693', '1151', '1248', '481', '2168', '2421', '3241']	4	4.000000	4.000000
263	882	['687', '1724', '2743', '58', '460', '922', '3763', '2564']	2	2.000000	2.000000
264	2011	['3495', '2046', '3163', '110', '3231', '2587', '175', '3610']	4	4.000000	4.000000
265	2012	['1176', '774', '2523', '1173', '1205', '2003', '1395', '491']	2	2.000000	2.000000
266	2013	['2583', '2358', '2288', '1692', '1714', '906', '3414', '3744']	4	4.000000	4.000000
267	2014	['2042', '2650', '1492', '3408', '1799', '3500', '1231', '3518']	2	2.000000	2.000000
268	2015	['1086', '1333', '411', '2887', '3454', '2958', '2288', '3244']	5	5.000000	5.000000
269	2016	['3208', '2282', '3089', '3465', '1532', '730', '960', '182']	2	2.000000	2.000000
270	415	['1350', '422', '2505', '3694', '2248', '2882', '3194', '847']	5	5.000000	5.000000
271	416	['3453', '2083', '2123', '2409', '2593', '113', '129', '3607']	2	2.000000	2.000000
272	417	['1353', '2898', '2297', '822', '1325', '3535', '3593', '820']	4	4.000000	4.000000
273	418	['1728', '2895', '2656', '1601', '742', '1423', '622', '111']	2	2.000000	2.000000
274	419	['2250', '1423', '898', '3279', '1141', '3208', '2233', '2407']	5	5.000000	5.000000
275	420	['1968', '1742', '2852', '3171', '2113', '127', '3197', '3761']	2	2.000000	2.000000
276	853	['206', '969', '1397', '475', '508', '1874', '1128', '2325']	2	2.000000	2.000000
277	854	['1503', '1876', '2444', '1040', '1284', '1141', '3051', '201']	4	4.000000	4.000000
278	855	['1500', '2289', '3691', '681', '398', '3385', '1499', '3048']	2	2.000000	2.000000
279	856	['1631', '1496', '1885', '3748', '2693', '557', '2293', '3046']	2	2.000000	2.000000
280	857	['3209', '1929', '59', '66', '1356', '801', '3607', '239']	2	2.000000	2.000000
281	858	['1248', '1999', '1492', '733', '1199', '1821', '1885', '3799']	4	4.000000	4.000000
282	3025	['3529', '1257', '3021', '2691', '3290', '1842', '428', '2746']	4	4.000000	4.000000
283	3026	['2901', '2731', '240', '172', '1715', '81', '3708', '985']	4	4.000000	4.000000
284	3027	['1963', '2080', '1256', '732', '3567', '2248', '3261', '2648']	3	3.000000	3.000000
285	3028	['1199', '3324', '2548', '3167', '1586', '1119', '820', '1790']	4	4.000000	4.000000
286	3029	['1196', '2594', '1967', '3306', '3309', '1354', '2368', '515']	4	4.000000	4.000000
287	3030	['2344', '1245', '2889', '1282', '927', '926', '874', '634']	4	4.000000	4.000000
288	3325	['885', '2872', '3612', '1545', '896', '3319', '3267', '3303']	4	4.000000	4.000000
289	3326	['1326', '1345', '977', '2982', '1674', '1675', '1799', '964']	2	2.000000	2.000000
290	3327	['3304', '31', '2079', '2780', '3422', '3196', '2149', '2190']	5	5.000000	5.000000
291	3328	['1546', '898', '3409', '575', '1684', '115', '3182', '2576']	2	2.000000	2.000000
292	3329	['3797', '2950', '3602', '1233', '1649', '1800', '2301', '2978']	5	5.000000	5.000000
293	3330	['2874', '3531', '3744', '3603', '3439', '1541', '3497', '1177']	2	2.000000	2.000000
294	3331	['1110', '3565', '3216', '747', '2966', '651', '348', '2489']	5	5.000000	5.000000
295	3332	['3426', '502', '204', '2279', '3178', '1868', '1848', '2177']	3	3.000000	3.000000
296	3333	['847', '1839', '732', '3740', '3791', '3797', '66', '3402']	5	5.000000	5.000000
297	3334	['1598', '2837', '1512', '2962', '801', '3756', '1590', '2639']	4	4.000000	4.000000
298	3335	['693', '3086', '1232', '1823', '1190', '3431', '3268', '3062']	5	5.000000	5.000000
299	3336	['2153', '2632', '3645', '733', '3193', '210', '3411', '2337']	3	3.000000	3.000000
300	1207	['1083', '108', '3173', '1520', '2988', '3150', '2749', '3591']	3	3.000000	3.000000
301	1208	['3287', '3167', '3079', '404', '2298', '1778', '689', '1135']	4	4.000000	4.000000
302	1209	['3249', '3274', '3665', '412', '670', '3473', '1703', '3154']	3	3.000000	3.000000
303	1210	['1768', '2189', '478', '50', '1928', '39', '1788', '1018']	5	5.000000	5.000000
304	1211	['487', '3153', '1145', '3759', '2208', '794', '3378', '2871']	3	3.000000	3.000000
305	1212	['1492', '899', '819', '108', '2882', '777', '2851', '3207']	5	5.000000	5.000000
306	157	['1785', '81', '2411', '687', '2975', '729', '717', '1329']	4	4.000000	4.000000
307	158	['700', '2230', '3699', '2649', '3376', '672', '1428', '2328']	2	2.000000	2.000000
308	159	['1715', '2638', '1329', '2619', '3762', '3426', '300', '378']	4	4.000000	4.000000
309	160	['79', '2291', '1527', '3183', '3165', '771', '2457', '1782']	2	2.000000	2.000000
310	161	['688', '3275', '3740', '3085', '3688', '772', '114', '3018']	4	4.000000	4.000000
311	162	['959', '2982', '2422', '2519', '2347', '1532', '2148', '898']	2	2.000000	2.000000
312	445	['2834', '2636', '489', '2483', '3290', '3309', '2666', '933']	5	5.000000	5.000000
313	446	['1360', '948', '1380', '52', '2883', '1428', '1538', '3235']	2	2.000000	2.000000
314	447	['3212', '1352', '1696', '2613', '1720', '2970', '2596', '623']	4	4.000000	4.000000
315	448	['1167', '870', '2220', '214', '2964', '2566', '3047', '2783']	2	2.000000	2.000000
316	449	['1505', '1376', '1869', '402', '1464', '514', '36', '137']	4	4.000000	4.000000
317	450	['1057', '3190', '1947', '2952', '883', '63', '1364', '2634']	2	2.000000	2.000000
318	1447	['3183', '2769', '2004', '1061', '2614', '978', '817', '1597']	4	4.000000	4.000000
319	1448	['1779', '2962', '3044', '992', '405', '281', '3356', '1058']	2	2.000000	2.000000
320	1449	['2752', '896', '2120', '111', '3540', '1282', '1901', '3340']	4	4.000000	4.000000
321	1450	['258', '406', '933', '3680', '3755', '3620', '3249', '2748']	2	2.000000	2.000000
322	1451	['3521', '3296', '690', '989', '3621', '743', '3175', '2433']	4	4.000000	4.000000
323	1452	['2586', '345', '2174', '1647', '3054', '1535', '1169', '848']	2	2.000000	2.000000
324	2317	['3298', '80', '3309', '703', '180', '1715', '1719', '2982']	5	5.000000	5.000000
325	2318	['2513', '2485', '503', '1699', '2622', '2293', '3123', '2929']	3	3.000000	3.000000
326	2319	['1777', '1865', '3147', '1152', '236', '2070', '477', '3063']	5	5.000000	5.000000
327	2320	['814', '2247', '3297', '976', '40', '578', '2665', '3171']	3	3.000000	3.000000
328	2321	['296', '2908', '2874', '3099', '1081', '2351', '769', '1166']	4	4.000000	4.000000
329	2322	['3241', '2484', '1225', '668', '1651', '884', '3441', '212']	3	3.000000	3.000000
330	469	['2955', '2746', '1842', '3387', '1600', '3454', '2174', '129']	2	2.000000	2.000000
331	470	['1533', '1701', '3349', '2545', '1519', '2465', '131', '1404']	3	3.000000	3.000000
332	471	['1526', '3699', '2004', '669', '213', '255', '2473', '1818']	2	2.000000	2.000000
333	472	['955', '130', '2325', '889', '2001', '490', '3684', '1223']	3	3.000000	3.000000
334	473	['2421', '41', '3534', '3243', '3421', '2691', '508', '3063']	2	2.000000	2.000000
335	474	['3308', '2403', '1168', '235', '1363', '1676', '1881', '2903']	3	3.000000	3.000000
336	3253	['1295', '28', '117', '213', '3217', '3397', '3633', '3186']	2	2.000000	2.000000
337	3254	['32', '3260', '1358', '3321', '412', '1875', '2902', '1695']	4	4.000000	4.000000
338	3255	['214', '2120', '1648', '1266', '1396', '919', '1078', '2078']	2	2.000000	2.000000
339	3256	['3373', '1148', '2523', '883', '1874', '1881', '2903', '3261']	5	5.000000	5.000000
340	3257	['2748', '3299', '2473', '3229', '1497', '632', '29', '314']	2	2.000000	2.000000
341	3258	['3562', '2447', '2934', '1185', '1964', '1700', '1203', '47']	4	4.000000	4.000000
342	1	['502', '1086', '2346', '956', '3503', '3689', '3289', '2637']	5	5.000000	5.000000
343	2	['1361', '186', '1457', '213', '1793', '3179', '1678', '540']	5	5.000000	5.000000
344	3	['2121', '47', '2228', '2239', '2532', '1414', '3606', '2420']	5	5.000000	5.000000
345	4	['1778', '3488', '956', '3431', '229', '2596', '3305', '735']	5	5.000000	5.000000
346	5	['1799', '874', '2269', '2503', '1600', '2218', '3293', '1882']	5	5.000000	5.000000
347	6	['1246', '2900', '1681', '1137', '202', '1522', '1805', '1804']	5	5.000000	5.000000
348	835	['1058', '3377', '3799', '3597', '769', '3647', '734', '2236']	5	5.000000	5.000000
349	836	['258', '2638', '2060', '1488', '318', '889', '970', '28']	3	3.000000	3.000000
350	837	['263', '2069', '428', '976', '2858', '2853', '1062', '1336']	5	5.000000	5.000000
351	838	['672', '1330', '466', '258', '1882', '1596', '461', '1003']	3	3.000000	3.000000
352	839	['304', '3186', '2155', '3188', '2909', '1307', '51', '3733']	5	5.000000	5.000000
353	840	['1930', '3270', '144', '2594', '1325', '766', '3733', '3050']	3	3.000000	3.000000
354	283	['649', '3709', '1540', '3374', '896', '556', '432', '2436']	2	2.000000	2.000000
355	284	['3080', '3593', '2503', '1899', '1197', '1995', '1264', '2862']	4	4.000000	4.000000
356	285	['262', '2335', '2672', '2291', '499', '2873', '3665', '1674']	3	3.000000	3.000000
357	286	['3788', '3166', '210', '2187', '2767', '1225', '2080', '990']	4	4.000000	4.000000
358	287	['3633', '3160', '865', '3636', '2528', '154', '747', '2432']	2	2.000000	2.000000
359	288	['1648', '476', '2139', '744', '1527', '2658', '1262', '1837']	4	4.000000	4.000000
360	1573	['1680', '1704', '973', '66', '2191', '204', '3731', '3232']	2	2.000000	2.000000
361	1574	['2621', '2537', '2218', '1507', '1016', '1066', '699', '3492']	2	2.000000	2.000000
362	1575	['2636', '3101', '410', '903', '301', '3732', '2080', '3421']	2	2.000000	2.000000
363	1576	['2176', '2420', '3250', '1011', '1086', '3691', '3177', '3701']	2	2.000000	2.000000
364	1577	['1768', '404', '2197', '2192', '2229', '1364', '1404', '2592']	3	3.000000	3.000000
365	1578	['3533', '2480', '263', '3355', '540', '1077', '764', '3782']	3	3.000000	3.000000
366	2101	['3233', '128', '1520', '3171', '216', '2488', '3691', '3651']	4	4.000000	4.000000
367	2102	['2907', '1799', '3357', '3066', '465', '1085', '429', '1178']	4	4.000000	4.000000
368	2103	['2595', '2515', '783', '1963', '2199', '3173', '2665', '1888']	4	4.000000	4.000000
369	2104	['468', '2408', '1931', '3601', '993', '2157', '3763', '1363']	4	4.000000	4.000000
370	2105	['2636', '704', '1404', '1719', '377', '813', '3250', '2563']	4	4.000000	4.000000
371	2106	['635', '2460', '1488', '1840', '2201', '3322', '1120', '1087']	5	5.000000	5.000000
372	2377	['79', '3311', '1008', '2089', '1509', '737', '1593', '2887']	4	4.000000	4.000000
373	2378	['1178', '2897', '2950', '1064', '1142', '1728', '2176', '2419']	3	3.000000	3.000000
374	2379	['1358', '1529', '2611', '46', '2191', '2090', '1814', '3158']	3	3.000000	3.000000
375	2380	['1220', '1072', '1802', '2690', '2900', '1119', '1866', '777']	2	2.000000	2.000000
376	2381	['3245', '1785', '813', '1325', '1280', '3540', '685', '1506']	4	4.000000	4.000000
377	2382	['2772', '1726', '2124', '732', '1802', '906', '3283', '1138']	3	3.000000	3.000000
378	307	['2167', '1357', '2269', '1128', '1733', '64', '776', '2295']	5	5.000000	5.000000
379	308	['738', '2689', '1687', '543', '1494', '1404', '3270', '1507']	2	2.000000	2.000000
380	309	['3077', '2854', '235', '2527', '2951', '3376', '2279', '2187']	5	5.000000	5.000000
381	310	['1888', '3788', '3516', '795', '1007', '1376', '3600', '1800']	3	3.000000	3.000000
382	311	['2965', '1229', '1965', '3705', '1802', '265', '2909', '173']	5	5.000000	5.000000
383	312	['1425', '3430', '3270', '2658', '3294', '2063', '3407', '1745']	2	2.000000	2.000000
384	2707	['991', '1230', '2044', '1746', '2585', '50', '1786', '990']	3	3.000000	3.000000
385	2708	['3263', '553', '128', '3701', '63', '3497', '462', '2431']	3	3.000000	3.000000
386	2709	['3422', '3191', '1727', '2351', '896', '45', '3696', '208']	3	3.000000	3.000000
387	2710	['2901', '802', '3170', '1631', '2447', '1385', '26', '1627']	3	3.000000	3.000000
388	2711	['426', '65', '3402', '79', '1069', '1128', '2231', '407']	3	3.000000	3.000000
389	2712	['1815', '1693', '3703', '3320', '1013', '3356', '3444', '1714']	4	4.000000	4.000000
390	217	['1075', '2324', '896', '2458', '2287', '2647', '731', '2522']	2	2.000000	2.000000
391	218	['1531', '489', '3303', '1866', '3518', '3377', '994', '2286']	2	2.000000	2.000000
392	219	['3789', '887', '3413', '2403', '1245', '1280', '2152', '3467']	2	2.000000	2.000000
393	220	['2444', '1306', '3341', '1777', '3494', '3728', '745', '1172']	2	2.000000	2.000000
394	221	['975', '2185', '3350', '2782', '2654', '3516', '3398', '700']	2	2.000000	2.000000
395	222	['2348', '1456', '3244', '715', '104', '92', '1645', '2921']	2	2.000000	2.000000
396	805	['65', '801', '233', '1524', '2228', '2387', '1259', '874']	4	4.000000	4.000000
397	806	['1503', '958', '1359', '1592', '2917', '2691', '2324', '2081']	2	2.000000	2.000000
398	807	['2199', '2734', '1106', '1068', '2473', '3762', '3463', '1783']	4	4.000000	4.000000
399	808	['2301', '1532', '3192', '1699', '236', '672', '2085', '3474']	2	2.000000	2.000000
400	809	['2383', '129', '3198', '1787', '1107', '27', '3298', '1170']	4	4.000000	4.000000
401	810	['3593', '924', '3473', '129', '239', '1509', '2237', '3209']	3	3.000000	3.000000
402	3223	['3680', '374', '2895', '1015', '1597', '3464', '483', '2290']	4	4.000000	4.000000
403	3224	['3566', '2983', '460', '1414', '1202', '1715', '1540', '1179']	4	4.000000	4.000000
404	3225	['2243', '2930', '3231', '2769', '302', '1602', '2158', '1338']	4	4.000000	4.000000
405	3226	['1483', '3734', '779', '3604', '2156', '2669', '1200', '3534']	3	3.000000	3.000000
406	3227	['1587', '85', '706', '1197', '2834', '2621', '3079', '743']	4	4.000000	4.000000
407	3228	['3148', '3606', '2358', '2746', '596', '906', '1732', '1964']	4	4.000000	4.000000
408	757	['636', '3015', '1689', '2113', '1483', '2355', '3758', '3155']	2	2.000000	2.000000
409	758	['207', '3498', '129', '3625', '3504', '3074', '2422', '2292']	4	4.000000	4.000000
410	759	['774', '3342', '700', '1146', '1746', '3219', '3250', '713']	2	2.000000	2.000000
411	760	['2896', '719', '516', '3046', '2524', '128', '2921', '1197']	5	5.000000	5.000000
412	761	['2200', '2610', '1606', '871', '3749', '1257', '3170', '1875']	2	2.000000	2.000000
413	762	['1094', '277', '3648', '171', '3175', '3426', '1178', '2207']	5	5.000000	5.000000
414	1099	['2665', '11', '825', '510', '3745', '3090', '874', '3259']	5	5.000000	5.000000
415	1100	['186', '484', '2405', '3074', '2691', '2671', '3168', '459']	2	2.000000	2.000000
416	1101	['1875', '746', '1729', '3440', '29', '1306', '693', '1455']	5	5.000000	5.000000
417	1102	['1930', '3705', '3088', '896', '1118', '1330', '3412', '1778']	2	2.000000	2.000000
418	1103	['1062', '29', '281', '920', '2586', '314', '504', '2420']	5	5.000000	5.000000
419	1104	['216', '3532', '884', '1948', '1403', '3267', '535', '3564']	2	2.000000	2.000000
420	637	['1205', '803', '874', '3451', '3752', '1393', '2965', '3175']	2	2.000000	2.000000
421	638	['1061', '86', '280', '1203', '265', '3146', '2526', '684']	2	2.000000	2.000000
422	639	['1243', '109', '1126', '3426', '339', '595', '977', '1789']	2	2.000000	2.000000
423	640	['704', '968', '647', '440', '2446', '2269', '213', '3296']	2	2.000000	2.000000
424	641	['577', '109', '3164', '2087', '3284', '277', '463', '2486']	2	2.000000	2.000000
425	642	['2357', '2086', '1518', '2189', '2340', '2465', '3791', '1461']	2	2.000000	2.000000
426	1609	['458', '3540', '2747', '643', '2835', '1073', '2959', '2784']	2	2.000000	2.000000
427	1610	['264', '2151', '2744', '1788', '2175', '3145', '2407', '3263']	2	2.000000	2.000000
428	1611	['920', '893', '3240', '1484', '3516', '931', '2289', '543']	2	2.000000	2.000000
429	1612	['3390', '1008', '2121', '3296', '631', '1819', '505', '2144']	2	2.000000	2.000000
430	1613	['1248', '1947', '1792', '2575', '3278', '1018', '1138', '3747']	3	3.000000	3.000000
431	1614	['9', '2421', '1224', '3737', '3322', '777', '3786', '2894']	2	2.000000	2.000000
432	1921	['2093', '151', '2207', '1628', '933', '1772', '3053', '3351']	4	4.000000	4.000000
433	1922	['3490', '876', '2919', '3756', '729', '766', '1399', '1359']	2	2.000000	2.000000
434	1923	['2675', '1453', '2576', '847', '2872', '3791', '1716', '1245']	5	5.000000	5.000000
435	1924	['440', '1061', '2860', '3373', '297', '1898', '2546', '1204']	2	2.000000	2.000000
436	1925	['3147', '2535', '2344', '1060', '579', '3287', '51', '828']	5	5.000000	5.000000
437	1926	['90', '296', '1848', '3083', '482', '894', '1651', '2198']	2	2.000000	2.000000
438	2311	['1228', '484', '2546', '716', '2324', '3219', '2596', '3501']	3	3.000000	3.000000
439	2312	['2289', '1382', '902', '883', '3378', '3252', '2290', '1743']	3	3.000000	3.000000
440	2313	['2385', '1875', '505', '3100', '2488', '536', '1968', '1148']	3	3.000000	3.000000
441	2314	['3158', '1017', '1774', '439', '1716', '667', '1803', '342']	3	3.000000	3.000000
442	2315	['2667', '3647', '2342', '929', '3799', '421', '3063', '3751']	3	3.000000	3.000000
443	2316	['9', '719', '2653', '1509', '112', '886', '955', '895']	3	3.000000	3.000000
444	3722	['554', '3152', '397', '2455', '263', '2301', '3303', '457']	4	4.000000	4.000000
445	3723	['3793', '1090', '3217', '1169', '695', '1307', '3284', '1190']	2	2.000000	2.000000
446	3724	['30', '1608', '1334', '2535', '1603', '3743', '2114', '3045']	4	4.000000	4.000000
447	3725	['3566', '1494', '1695', '2384', '1003', '3386', '1129', '3651']	3	3.000000	3.000000
448	3726	['3172', '921', '2658', '33', '3286', '3043', '875', '1261']	4	4.000000	4.000000
449	3727	['2586', '2475', '460', '3512', '340', '3048', '341', '2406']	2	2.000000	2.000000
450	1213	['3085', '1721', '2282', '2432', '424', '238', '717', '3401']	4	4.000000	4.000000
451	1214	['410', '205', '3683', '195', '1284', '692', '1077', '1493']	2	2.000000	2.000000
452	1215	['1672', '1053', '2186', '3296', '1964', '682', '2895', '541']	4	4.000000	4.000000
453	1216	['3499', '501', '946', '3275', '3210', '3495', '1788', '3647']	2	2.000000	2.000000
454	1217	['3597', '513', '172', '1963', '3647', '3054', '3455', '1746']	4	4.000000	4.000000
455	1218	['1064', '684', '3215', '3689', '1683', '1352', '3683', '2198']	2	2.000000	2.000000
456	523	['2342', '2066', '3533', '2619', '2412', '1523', '2484', '2357']	5	5.000000	5.000000
457	524	['1506', '1789', '477', '3162', '461', '897', '3650', '3283']	4	4.000000	4.000000
458	525	['1079', '2865', '1061', '338', '1806', '2337', '538', '1868']	4	4.000000	4.000000
459	526	['2190', '3021', '1540', '2536', '867', '2369', '229', '3046']	5	5.000000	5.000000
460	527	['1794', '1711', '2887', '2174', '253', '3471', '3126', '3173']	5	5.000000	5.000000
461	528	['484', '115', '2275', '2041', '2473', '2730', '936', '3504']	4	4.000000	4.000000
462	2107	['2744', '2608', '27', '1054', '3350', '3043', '3787', '903']	5	5.000000	5.000000
463	2108	['3358', '936', '1076', '2370', '1784', '780', '296', '819']	4	4.000000	4.000000
464	2109	['297', '490', '2852', '1012', '1888', '1670', '2904', '3217']	5	5.000000	5.000000
465	2110	['1128', '581', '2192', '2950', '2240', '96', '2234', '2667']	4	4.000000	4.000000
466	2111	['1513', '2231', '2619', '1376', '3376', '743', '747', '1505']	5	5.000000	5.000000
467	2112	['2835', '2668', '1869', '1096', '2324', '3560', '3188', '240']	4	4.000000	4.000000
468	67	['3272', '704', '3123', '3472', '1198', '2003', '3373', '1672']	3	3.000000	3.000000
469	68	['794', '502', '3665', '2781', '2895', '1190', '2605', '2297']	2	2.000000	2.000000
470	69	['2003', '1497', '1840', '3219', '576', '1787', '1236', '2934']	3	3.000000	3.000000
471	70	['2419', '3146', '2032', '1722', '1131', '1067', '897', '1097']	2	2.000000	2.000000
472	71	['793', '2202', '3620', '1363', '2461', '408', '2383', '2754']	3	3.000000	3.000000
473	72	['691', '296', '3605', '735', '2833', '2092', '3126', '3429']	2	2.000000	2.000000
474	583	['1872', '648', '2504', '2124', '1720', '1328', '3260', '429']	3	3.000000	3.000000
475	584	['2197', '1125', '3197', '3605', '130', '1355', '1265', '903']	4	4.000000	4.000000
476	585	['3126', '2648', '3516', '3219', '131', '1360', '513', '2548']	2	2.000000	2.000000
477	586	['3598', '3708', '2907', '1293', '3122', '796', '10', '1502']	3	3.000000	3.000000
478	587	['196', '64', '3158', '3150', '3205', '699', '2783', '515']	2	2.000000	2.000000
479	588	['87', '3732', '3733', '1729', '868', '2639', '2727', '771']	3	3.000000	3.000000
480	2497	['621', '1509', '3157', '1651', '1865', '1337', '2772', '3190']	3	3.000000	3.000000
481	2498	['2673', '3686', '2783', '3732', '1785', '2618', '1059', '1712']	2	2.000000	2.000000
482	2499	['1222', '1399', '1321', '3353', '3147', '962', '3513', '2647']	2	2.000000	2.000000
483	2500	['718', '648', '1783', '408', '2548', '3470', '180', '771']	2	2.000000	2.000000
484	2501	['924', '2042', '3354', '741', '1304', '81', '3427', '3603']	2	2.000000	2.000000
485	2502	['1149', '2274', '2457', '3285', '2779', '2733', '3307', '1464']	2	2.000000	2.000000
486	3770	['263', '1296', '2933', '2156', '3359', '3535', '1130', '401']	2	2.000000	2.000000
487	3771	['505', '1397', '768', '2949', '2931', '1150', '2524', '976']	3	3.000000	3.000000
488	3772	['3618', '316', '2291', '2592', '3511', '400', '1105', '2947']	3	3.000000	3.000000
489	3773	['1292', '1412', '2189', '1804', '970', '2327', '2548', '2735']	2	2.000000	2.000000
490	3774	['697', '2874', '2898', '279', '2197', '682', '686', '1848']	2	2.000000	2.000000
491	3775	['1503', '3738', '3570', '1949', '3604', '2753', '3563', '2531']	2	2.000000	2.000000
492	385	['2515', '1888', '2458', '558', '1547', '2752', '2445', '2139']	2	2.000000	2.000000
493	386	['229', '2229', '1167', '29', '342', '2423', '277', '1422']	3	3.000000	3.000000
494	387	['717', '63', '35', '707', '2588', '3617', '2595', '2656']	2	2.000000	2.000000
495	388	['2592', '508', '1419', '3267', '2202', '1458', '2080', '3186']	2	2.000000	2.000000
496	389	['3146', '3531', '1186', '3177', '490', '2651', '2548', '645']	2	2.000000	2.000000
497	390	['1589', '2593', '681', '1671', '87', '1205', '2087', '467']	3	3.000000	3.000000
498	1633	['888', '1606', '919', '851', '1862', '995', '1648', '1647']	1	1.000000	1.000000
499	1634	['986', '2588', '2123', '1781', '3181', '636', '2120', '457']	4	4.000000	4.000000
500	1635	['2277', '2692', '574', '2897', '1456', '967', '2994', '2748']	1	1.000000	1.000000
501	1636	['3195', '140', '1779', '1228', '3054', '736', '1824', '3691']	5	5.000000	5.000000
502	1637	['2237', '277', '2278', '1873', '2388', '3173', '1377', '3521']	1	1.000000	1.000000
503	1638	['2546', '1080', '2919', '1356', '2246', '654', '3188', '600']	4	4.000000	4.000000
504	3415	['535', '269', '130', '3180', '767', '2746', '886', '2857']	4	4.000000	4.000000
505	3416	['2769', '1586', '2881', '1848', '705', '1291', '2457', '1060']	3	3.000000	3.000000
506	3417	['2070', '3741', '457', '1496', '466', '636', '1805', '1306']	3	3.000000	3.000000
507	3418	['1528', '2061', '1350', '2590', '2443', '138', '1595', '502']	3	3.000000	3.000000
508	3419	['3596', '2276', '2888', '1398', '3342', '1043', '1017', '1328']	2	2.000000	2.000000
509	3420	['2356', '712', '2780', '297', '304', '3048', '1050', '1382']	2	2.000000	2.000000
510	517	['2859', '851', '1792', '1501', '948', '1516', '3125', '3515']	5	5.000000	5.000000
511	518	['3148', '1950', '1526', '3790', '2476', '3429', '231', '1326']	4	4.000000	4.000000
512	519	['212', '1132', '1420', '2271', '2275', '668', '2046', '3410']	5	5.000000	5.000000
513	520	['407', '2537', '2968', '55', '1322', '2344', '2142', '2898']	3	3.000000	3.000000
514	521	['1786', '3698', '2479', '1170', '2231', '2731', '732', '2855']	5	5.000000	5.000000
515	522	['266', '1308', '2948', '45', '1867', '2675', '2952', '1459']	4	4.000000	4.000000
516	1435	['2931', '3243', '1338', '140', '2518', '3073', '3568', '3193']	5	5.000000	5.000000
517	1436	['475', '3243', '1999', '2863', '1093', '2968', '1732', '3685']	4	4.000000	4.000000
518	1437	['1678', '2238', '2856', '132', '1194', '2275', '692', '1588']	5	5.000000	5.000000
519	1438	['991', '827', '1263', '876', '1683', '2951', '2120', '671']	4	4.000000	4.000000
520	1439	['407', '2692', '710', '1704', '818', '1782', '88', '3426']	5	5.000000	5.000000
521	1440	['2609', '542', '1200', '2518', '3146', '1417', '3487', '1731']	4	4.000000	4.000000
522	1615	['2215', '2286', '3604', '2771', '3181', '240', '2583', '1152']	4	4.000000	4.000000
523	1616	['2175', '3566', '2620', '1009', '2597', '3750', '546', '2384']	3	3.000000	3.000000
524	1617	['1423', '2511', '2771', '3044', '1055', '3023', '3755', '535']	5	5.000000	5.000000
525	1618	['297', '3102', '2114', '3234', '3503', '3215', '2144', '199']	3	3.000000	3.000000
526	1619	['514', '1743', '1401', '3625', '1786', '1689', '867', '50']	4	4.000000	4.000000
527	1620	['3244', '3428', '3491', '2920', '691', '402', '1014', '779']	3	3.000000	3.000000
528	2449	['174', '2296', '1791', '95', '546', '3019', '2386', '2635']	4	4.000000	4.000000
529	2450	['732', '746', '3504', '1355', '128', '1515', '735', '3598']	2	2.000000	2.000000
530	2451	['2480', '1073', '1046', '1424', '2893', '1824', '1601', '3198']	4	4.000000	4.000000
531	2452	['3275', '764', '741', '2155', '667', '3167', '2519', '2576']	3	3.000000	3.000000
532	2453	['3750', '1069', '1816', '3275', '262', '889', '54', '267']	4	4.000000	4.000000
533	2454	['1393', '1787', '3175', '2886', '2352', '824', '3593', '1773']	2	2.000000	2.000000
534	2491	['1535', '2613', '3608', '2170', '3360', '2767', '3376', '1765']	3	3.000000	3.000000
535	2492	['1351', '3493', '3463', '647', '2857', '1401', '1204', '302']	3	3.000000	3.000000
536	2493	['2153', '66', '735', '2236', '2354', '1091', '3397', '2771']	4	4.000000	4.000000
537	2494	['2617', '1968', '2692', '2196', '1780', '3304', '727', '42']	3	3.000000	3.000000
538	2495	['2655', '2244', '2419', '996', '3590', '2972', '727', '1092']	3	3.000000	3.000000
539	2496	['1537', '2835', '516', '1966', '2735', '812', '1890', '3487']	2	2.000000	2.000000
540	2071	['3425', '1655', '2292', '935', '2348', '2519', '1197', '1352']	4	4.000000	4.000000
541	2072	['2137', '2564', '1786', '1234', '399', '944', '3566', '2084']	2	2.000000	2.000000
542	2073	['3099', '1324', '3087', '1803', '1068', '203', '3491', '1544']	3	3.000000	3.000000
543	2074	['3684', '699', '2591', '464', '503', '1598', '1196', '1188']	2	2.000000	2.000000
544	2075	['3190', '1795', '2691', '2170', '1332', '341', '2485', '3049']	3	3.000000	3.000000
545	2076	['2276', '1775', '1367', '2883', '230', '1172', '1345', '261']	2	2.000000	2.000000
546	2221	['1019', '1875', '1655', '1865', '2868', '1514', '1346', '3608']	4	4.000000	4.000000
547	2222	['966', '670', '2281', '1510', '2734', '1230', '3211', '2152']	3	3.000000	3.000000
548	2223	['129', '1646', '138', '631', '38', '1783', '301', '114']	4	4.000000	4.000000
549	2224	['2357', '3601', '1767', '1890', '2463', '785', '1881', '1308']	3	3.000000	3.000000
550	2225	['571', '1800', '3377', '3426', '3240', '3785', '1821', '2619']	4	4.000000	4.000000
551	2226	['3468', '263', '270', '1501', '25', '2901', '2872', '202']	3	3.000000	3.000000
552	2695	['730', '3085', '1929', '1629', '711', '465', '83', '1821']	4	4.000000	4.000000
553	2696	['1533', '1281', '3357', '2248', '3411', '2592', '345', '1587']	3	3.000000	3.000000
554	2697	['3340', '1417', '555', '1669', '3407', '1426', '3783', '2523']	3	3.000000	3.000000
555	2698	['2887', '956', '538', '852', '3737', '1397', '3431', '3082']	2	2.000000	2.000000
556	2699	['2607', '3621', '346', '1382', '398', '1930', '1009', '2837']	4	4.000000	4.000000
557	2700	['813', '2270', '3403', '993', '2357', '2907', '714', '1198']	3	3.000000	3.000000
558	1705	['718', '1292', '3215', '1412', '465', '2576', '3645', '545']	2	2.000000	2.000000
559	1706	['1110', '1742', '2508', '1534', '2246', '2885', '3561', '1308']	3	3.000000	3.000000
560	1707	['3620', '2745', '707', '426', '2579', '3702', '278', '2691']	2	2.000000	2.000000
561	1708	['2608', '1335', '1056', '2909', '317', '2201', '1725', '815']	2	2.000000	2.000000
562	1709	['3474', '2955', '1489', '1039', '1223', '2434', '443', '1686']	2	2.000000	2.000000
563	1710	['2949', '1520', '1414', '261', '132', '3538', '1595', '619']	2	2.000000	2.000000
564	355	['3357', '229', '1946', '2647', '1845', '2145', '2458', '957']	3	3.000000	3.000000
565	356	['3014', '2565', '1885', '2342', '2066', '2195', '1928', '2538']	2	2.000000	2.000000
566	357	['1607', '2198', '277', '2079', '2617', '1092', '2837', '576']	3	3.000000	3.000000
567	358	['2475', '39', '3152', '3238', '3686', '3276', '1355', '2917']	3	3.000000	3.000000
568	359	['1413', '2853', '3052', '3271', '413', '3454', '405', '873']	3	3.000000	3.000000
569	360	['278', '976', '2199', '1493', '1261', '2523', '2861', '2446']	3	3.000000	3.000000
570	655	['2278', '1522', '256', '3532', '2337', '462', '783', '512']	4	4.000000	4.000000
571	656	['1362', '2065', '927', '826', '3399', '2249', '1867', '3222']	2	2.000000	2.000000
572	657	['600', '2990', '1837', '2598', '500', '2970', '2445', '3761']	4	4.000000	4.000000
573	658	['1491', '2968', '51', '3759', '575', '2328', '645', '2637']	2	2.000000	2.000000
574	659	['280', '2443', '2141', '894', '3324', '3188', '1869', '3289']	4	4.000000	4.000000
575	660	['1631', '1683', '3500', '1721', '184', '545', '686', '2412']	2	2.000000	2.000000
576	2467	['959', '2733', '686', '2171', '697', '3568', '746', '2237']	4	4.000000	4.000000
577	2468	['3787', '1608', '545', '3783', '3737', '2985', '2983', '108']	2	2.000000	2.000000
578	2469	['3594', '1490', '3540', '1516', '1362', '2966', '2086', '2884']	5	5.000000	5.000000
579	2470	['2948', '2354', '871', '2187', '1182', '3148', '2732', '1803']	3	3.000000	3.000000
580	2471	['3175', '2732', '2435', '2980', '3216', '2649', '3590', '621']	4	4.000000	4.000000
581	2472	['1425', '489', '3081', '88', '3285', '2203', '378', '3373']	2	2.000000	2.000000
582	3433	['1511', '2611', '2691', '904', '2352', '3342', '1628', '2871']	2	2.000000	2.000000
583	3434	['3421', '1767', '2985', '295', '262', '2981', '3699', '485']	2	2.000000	2.000000
584	3435	['3563', '1513', '3211', '3694', '2870', '3324', '2484', '2772']	2	2.000000	2.000000
585	3436	['3646', '1503', '1605', '2779', '987', '3636', '480', '2667']	2	2.000000	2.000000
586	3437	['797', '3283', '1009', '261', '267', '2509', '1529', '2148']	2	2.000000	2.000000
587	3438	['1351', '2861', '84', '2118', '3268', '1774', '477', '480']	2	2.000000	2.000000
